ksource,keywords,knum,nsource,nnum,title,url
NAVER,미샤베스트1+1,1,Twitter,1,,"[ #Tistory ] 캐쉬슬라이드 미샤 베스트 1+1 초성퀴즈 ㅈㅈㅇㅍ wwdv 정답 https://t.co/DdVGqgvhVq
[실시간 3위 반트 1만개 이벤트] '미샤베스트1+1' vs '반트 1만개 이벤트'…&amp;quot;개똥쑥에서 콜라겐까지&amp;quot; https://t.co/YC0Zbrf9qL
[실시간 1위 미샤베스트1+1] 미샤 베스트 1+1초성퀴즈 등장.. 정답 보기 https://t.co/xxrC833I82
[실시간 1위 미샤베스트1+1] 미샤 베스트 1+1, 'ㅈㅈㅇㅍ'뜻은? 초성 정답 공개 https://t.co/mLvG6fZueF
미샤 베스트 1+1 초성퀴즈 등장.. 정답 보기 
https://t.co/xPFVndA4XC via @HangangTimes
"
NAVER,미세플라스틱 미검출 샤프란,2,Twitter,1,,"[토스 행운퀴즈] 미세플라스틱 미검출 샤프란 정답 https://t.co/6czqlChGpR
"
NAVER,cjone 굿퀴즈,3,Twitter,1,,
NAVER,미샤 베스트,4,Twitter,1,,"[ #Tistory ] 캐쉬슬라이드 미샤 베스트 1+1 초성퀴즈 ㅈㅈㅇㅍ wwdv 정답 https://t.co/DdVGqgvhVq
[실시간 3위 반트 1만개 이벤트] '미샤베스트1+1' vs '반트 1만개 이벤트'…&amp;quot;개똥쑥에서 콜라겐까지&amp;quot; https://t.co/YC0Zbrf9qL
[실시간 1위 미샤베스트1+1] 미샤 베스트 1+1초성퀴즈 등장.. 정답 보기 https://t.co/xxrC833I82
[실시간 1위 미샤베스트1+1] 미샤 베스트 1+1, 'ㅈㅈㅇㅍ'뜻은? 초성 정답 공개 https://t.co/mLvG6fZueF
미샤 베스트 1+1 초성퀴즈 등장.. 정답 보기 
https://t.co/xPFVndA4XC via @HangangTimes
"
NAVER,반트 1만개 이벤트,5,Twitter,1,,"[실시간 3위 반트 1만개 이벤트] '미샤베스트1+1' vs '반트 1만개 이벤트'…&amp;quot;개똥쑥에서 콜라겐까지&amp;quot; https://t.co/YC0Zbrf9qL
[실시간 2위 반트 1만개 이벤트] '반트 1만개 이벤트'관련 퀴즈 등장..정답은 뭘까? https://t.co/8drwxCvyUq
[실시간 2위 반트 1만개 이벤트] 반트 36.5, 고객 소통 중심으로 공식 자사몰 리뉴얼 오픈 https://t.co/bsBfTcrDbe
[실시간 1위 반트 1만개 이벤트] 반트 36.5, 고객 소통 중심으로 공식 자사몰 리뉴얼 오픈 https://t.co/IUk0S8shHw
[실시간 1위 반트 1만개 이벤트] 반트 1만개 이벤트, 초성 퀴즈 출제…정답 세 가지는? https://t.co/Gf5EuAn0gq
[실시간 1위 반트 1만개 이벤트] '반트1만개이벤트'최대 95% 할인… 스노 밀크크림 5850원 https://t.co/FGdBBPnCmp
[실시간 1위 반트 1만개 이벤트] 반트 36.5 공식 자사몰 개편...&amp;quot;고객과의 소통 강화에 중점&amp;quot; https://t.co/g2YzFVhIde
"
NAVER,투썸플레이스 원두,6,Twitter,1,,"[공원커피뉴스]투썸플레이스, 홈 카페 열풍에 원두 가공 상품 판매량 증가  
https://t.co/je2xG7dPBZ
"
NAVER,안산대학교,7,Twitter,1,,"인근에 저의 부역명으로도 쓰이는 안산대학교(구 안산1대학)가 있으며, 제 남쪽으로 아파트와 단독주택이 같이 있는 거주지역인 본오동이 있어 이 쪽 주민들이 많이 이용해요.
안산대학교, 상록수다문화국제단편영화제 시상식 https://t.co/hzJgusG2FR
친구가 업는 친 이유를 찾아버린 거임ㅠ.ㅠ 안산에는 친구 한 명도 업써 포천이랑 강릉 친구는 인스타 맞팔이고 강릉 애들이랑은 가끔 카톡하고 인스타 디엠함... 우웃... 대학교 다니면 친구 좀 생기지 않을까… https://t.co/wNweZrmgvj
연 계 교 통 (안산방면)

승차위치: 정왕역환승센터
노선번호: 20-1
경유지: 시화공단→반월공단→안산역→군자주공아파트→서울예술대학교→월피주공아파트→부곡중학교
코레일 전동차 안내방송에서는 부역명(안산대학교)까지 방송하지만, 서울교통공사 전동차에서는 상록수 역명만 방송해요.
인근에 저의 부역명으로도 쓰이는 안산대학교(구 안산1대학)가 있으며, 제 남쪽으로 아파트와 단독주택이 같이 있는 거주지역인 본오동이 있어 이 쪽 주민들이 많이 이용해요.
연 계 교 통 (안산방면)

승차위치: 정왕역환승센터
노선번호: 20-1
경유지: 시화공단→반월공단→안산역→군자주공아파트→서울예술대학교→월피주공아파트→부곡중학교
코레일 전동차 안내방송에서는 부역명(안산대학교)까지 방송하지만, 서울교통공사 전동차에서는 상록수 역명만 방송해요.
인근에 저의 부역명으로도 쓰이는 안산대학교(구 안산1대학)가 있으며, 제 남쪽으로 아파트와 단독주택이 같이 있는 거주지역인 본오동이 있어 이 쪽 주민들이 많이 이용해요.
연 계 교 통 (안산방면)

승차위치: 정왕역환승센터
노선번호: 20-1
경유지: 시화공단→반월공단→안산역→군자주공아파트→서울예술대학교→월피주공아파트→부곡중학교
코레일 전동차 안내방송에서는 부역명(안산대학교)까지 방송하지만, 서울교통공사 전동차에서는 상록수 역명만 방송해요.
인근에 저의 부역명으로도 쓰이는 안산대학교(구 안산1대학)가 있으며, 제 남쪽으로 아파트와 단독주택이 같이 있는 거주지역인 본오동이 있어 이 쪽 주민들이 많이 이용해요.
연 계 교 통 (안산방면)

승차위치: 정왕역환승센터
노선번호: 20-1
경유지: 시화공단→반월공단→안산역→군자주공아파트→서울예술대학교→월피주공아파트→부곡중학교
코레일 전동차 안내방송에서는 부역명(안산대학교)까지 방송하지만, 서울교통공사 전동차에서는 상록수 역명만 방송해요.
인근에 저의 부역명으로도 쓰이는 안산대학교(구 안산1대학)가 있으며, 제 남쪽으로 아파트와 단독주택이 같이 있는 거주지역인 본오동이 있어 이 쪽 주민들이 많이 이용해요.
연 계 교 통 (안산방면)

승차위치: 정왕역환승센터
노선번호: 20-1
경유지: 시화공단→반월공단→안산역→군자주공아파트→서울예술대학교→월피주공아파트→부곡중학교
코레일 전동차 안내방송에서는 부역명(안산대학교)까지 방송하지만, 서울교통공사 전동차에서는 상록수 역명만 방송해요.
인근에 저의 부역명으로도 쓰이는 안산대학교(구 안산1대학)가 있으며, 제 남쪽으로 아파트와 단독주택이 같이 있는 거주지역인 본오동이 있어 이 쪽 주민들이 많이 이용해요.
연 계 교 통 (안산방면)

승차위치: 정왕역환승센터
노선번호: 20-1
경유지: 시화공단→반월공단→안산역→군자주공아파트→서울예술대학교→월피주공아파트→부곡중학교
코레일 전동차 안내방송에서는 부역명(안산대학교)까지 방송하지만, 서울교통공사 전동차에서는 상록수 역명만 방송해요.
인근에 저의 부역명으로도 쓰이는 안산대학교(구 안산1대학)가 있으며, 제 남쪽으로 아파트와 단독주택이 같이 있는 거주지역인 본오동이 있어 이 쪽 주민들이 많이 이용해요.
연 계 교 통 (안산방면)

승차위치: 정왕역환승센터
노선번호: 20-1
경유지: 시화공단→반월공단→안산역→군자주공아파트→서울예술대학교→월피주공아파트→부곡중학교
코레일 전동차 안내방송에서는 부역명(안산대학교)까지 방송하지만, 서울교통공사 전동차에서는 상록수 역명만 방송해요.
인근에 저의 부역명으로도 쓰이는 안산대학교(구 안산1대학)가 있으며, 제 남쪽으로 아파트와 단독주택이 같이 있는 거주지역인 본오동이 있어 이 쪽 주민들이 많이 이용해요.
연 계 교 통 (안산방면)

승차위치: 정왕역환승센터
노선번호: 20-1
경유지: 시화공단→반월공단→안산역→군자주공아파트→서울예술대학교→월피주공아파트→부곡중학교
코레일 전동차 안내방송에서는 부역명(안산대학교)까지 방송하지만, 서울교통공사 전동차에서는 상록수 역명만 방송해요.
인근에 저의 부역명으로도 쓰이는 안산대학교(구 안산1대학)가 있으며, 제 남쪽으로 아파트와 단독주택이 같이 있는 거주지역인 본오동이 있어 이 쪽 주민들이 많이 이용해요.
연 계 교 통 (안산방면)

승차위치: 정왕역환승센터
노선번호: 20-1
경유지: 시화공단→반월공단→안산역→군자주공아파트→서울예술대학교→월피주공아파트→부곡중학교
코레일 전동차 안내방송에서는 부역명(안산대학교)까지 방송하지만, 서울교통공사 전동차에서는 상록수 역명만 방송해요.
"
NAVER,투썸 원두,8,Twitter,1,,"울동네에 투썸 2개잇는데 한곳은 원두 서로 좀맛다른?2종류팔고 한곳은 그런거없이 걍 팔던데 2종류해서 좀덜 달달한 쓴쪽으로 한 아메리카노가 마싯음. (tmi
제일 좋아하시는 원두가 어떤 건지 물어봐도 될까요?
딱히 없으시면 좋아하시는 브랜드 커피라도요..! — 머신으로 내리는 커피는 뭐든 상관없지만 신맛보다는 쓴맛이 좋고, 더치는 예가체프나 탄자니아가 좋고, 좋… https://t.co/ibxr7oVOhv
"
NAVER,세리번나이트 오늘만 반값,9,Twitter,1,,"‘미우새’ 룰라 김지현 아들 고백→김희철 위기의 하우스…18.7% 기록 (출처 : 반달라이트 | https://t.co/pBaBQBs2Yl 블로그)

1 네파 피오패리스
2 박나래기절베개
3 세리번나이트 오… https://t.co/FKtGfzWe4J
아이유, 11월 1일 컴백 연기 ＂솔직히 시간이 약간 필요해＂[전문] (출처 : 반달라이트 | https://t.co/bQsK5PZAsA 블로그)

1 네파 피오패리스
2 박나래기절베개
3 세리번나이트 오늘… https://t.co/2FYsfS3QZE
‘결혼 4년차’ 룰라 김지현 집 공개 “남편이 건물주”[결정적장면] (출처 : 반달라이트 | https://t.co/hFptGO7fbi 블로그)

1 네파 피오패리스
2 박나래기절베개
3 세리번나이트 오늘만… https://t.co/OoTIksfqP0
[리뷰IS] ˙미우새˙ 룰라 김지현, 결혼 4년차에 고1·중2 아들 둘 엄마로 (출처 : 반달라이트 | https://t.co/aveZw1Bioy 블로그)

1 네파 피오패리스
2 박나래기절베개
3 세리번나… https://t.co/gPjgFa6w4g
세리번나이트 오늘만 반값 궁금하다면.. https://t.co/1m6rfkLMhy
세리번나이트 오늘만 반값 뜬 이유는? https://t.co/zNCxnWwffG
[실시간 3위 세리번나이트 오늘만 반값] 오퀴즈 이천만원이벤트, ‘세리번나이트’ 오늘만 반값퀴즈 출제…정답은? https://t.co/goIWjeTWQo
[실시간 4위 세리번 나이트] 오퀴즈 이천만원이벤트 뜬 ‘세리번나이트오늘만 반값’ 문제, 정답은? https://t.co/ETkKPVQpqp
[실시간 3위 세리번나이트 오늘만 반값] 세리번나이트 오늘만 반값, OK캐쉬백 오퀴즈 이천만원 ‘문제와 정답은?’ https://t.co/Y2LehhKizb
[실시간 3위 세리번 나이트] '세리번나이트오늘만 반값'각별한 주의 필요! 왜? https://t.co/WXpj3FnBLl
[HI★뭐하세요?] 고소영, 캠핑하는 모습도 ‘화보’ (출처 : 저축은행상.. | https://t.co/Ly7e3eL3yW 블로그)

1 플로이사프로모션
2 세리번나이트 오늘만 반값
3 세리번 나이트
4… https://t.co/GBD3EJN0Nl
[실시간 3위 세리번나이트 오늘만 반값] '세리번나이트 오늘만 반값' OK 캐쉬백과 함께 오퀴즈 출제...매시간 바뀌는 ... https://t.co/EoRBCVhONx
[실시간 3위 세리번나이트 오늘만 반값] 세리번나이트 오늘만 반값, 오퀴즈 천만원 퀴즈 정답은? '총상금 2000만원' https://t.co/5A63a6yTPA
"
NAVER,미세플라스틱 섬유유연제,10,Twitter,1,,"11 빨래하는거 너무 재밌어..
빨래좋아.. 하면 너무 기분 좋거 후련해
세제는 애경에서 나온거 파란 액체세제 잘 지워져요. 섬유유연제는 다우니쓰는데 미세플라스틱 나왓대서 앨지로 갈아탈라고
[투자] 녹색소비자연대가 밝힌 미세플라스틱 섬유유연제 검출 브랜드는 무…
https://t.co/CUBO1AI5g6
[뉴스브라이트] 미세플라스틱 섬유유연제 발표에 뿔난 피죤 ˝주장은 사실과 다릅니다.˝ https://t.co/zF6CFqXAmC
RT @_hiraka_: 미세플라스틱 섬유유연제 광고는 치사한 수준까지 많이 나갔다. 미세플라스틱 배출을 줄여야 하는 당위는 충분하지만 표현 방식이 저건 아닌 것 같다. 모델은 왜 남성이어야 하며 왜 또 아이 엄마를 가르치고 있는 건지.
RT @_hiraka_: 미세플라스틱 섬유유연제 광고는 치사한 수준까지 많이 나갔다. 미세플라스틱 배출을 줄여야 하는 당위는 충분하지만 표현 방식이 저건 아닌 것 같다. 모델은 왜 남성이어야 하며 왜 또 아이 엄마를 가르치고 있는 건지.
미세플라스틱 섬유유연제 광고는 치사한 수준까지 많이 나갔다. 미세플라스틱 배출을 줄여야 하는 당위는 충분하지만 표현 방식이 저건 아닌 것 같다. 모델은 왜 남성이어야 하며 왜 또 아이 엄마를 가르치고 있는 건지.
빨래 세정제 섬유유연제에서 미세플라스틱 검출-녹색소비자연대 시험의뢰 - https://t.co/WCVUraRjhN
빨래 세정제 섬유유연제에서 미세플라스틱 검출-녹색소비자연대 시험의뢰 https://t.co/eCpIOvEvYW
[my blog]피죤, 다우니 미세플라스틱 섬유유연제 목록과 위험성 https://t.co/rCqzsxbmkw
[주요뉴스] 녹색소비자연대가 밝힌 미세플라스틱 섬유유연제 검출 브랜드는 무엇? https://t.co/xYlXBoo9hz
[실시간 3위 미세플라스틱 섬유유연제] 미세플라스틱 섬유유연제 5종 제품명은?… 피죤·다우니 등 https://t.co/OH03NFNrF0
Naver:로또880회당첨번호,모두의 거짓말,미세플라스틱 섬유유연제,황은정이혼,뽀로로,황은정,슈퍼주니어,�
[주요뉴스] 녹색소비자연대가 밝힌 미세플라스틱 섬유유연제 검출 브랜드는 무엇? https://t.co/CYgJok0vvY
[실시간 2위 미세플라스틱 섬유유연제] 미세 플라스틱 섬유유연제검출, 인체에 미치는 영향은? https://t.co/rBUHN7UEmp
❌섬유유연제 미세플라스틱 검출❌
인체에 유해한 ㄷ ㄷ

다우니. .
LG꺼 써야하나봐 https://t.co/q9Ik1wzxb7
❌섬유유연제 미세플라스틱 검출❌
인체에 유해한 ㄷ ㄷ

다우니. .
LG꺼 써야하나봐 https://t.co/y6RSZYGg7j
❌섬유유연제 미세플라스틱 검출❌
인체에 유해한 ㄷ ㄷ

다우니. .
LG꺼 써야하나봐 https://t.co/PNYFsX0eC6
[실시간 2위 미세플라스틱 섬유유연제] 미세 플라스틱 섬유유연제검출, 인체에 미치는 영향은? https://t.co/EcpGa1IYzZ
미세플라스틱 섬유유연제 사연은?? https://t.co/0HRJoscasY
[실시간 2위 미세플라스틱 섬유유연제] 미세 플라스틱 섬유유연제검출, 인체에 미치는 영향은? https://t.co/1PUwTLLjnv
김연아부터 황광희까지…강남♥이상화 결혼식 빛낸 스타 행렬 [종합] (출처 : 반달라이트 | https://t.co/Ec922p5w4j 블로그)

1 로또880회당첨번호
2 미세플라스틱 섬유유연제
3 모두의… https://t.co/yslH0XKyxA
＂잘 살게요＂ 강남♥이상화, 김연아·황광희 등 동료 축하 속 결혼(종합) (출처 : 반달라이트 | https://t.co/atVSfyiNnL 블로그)

1 로또880회당첨번호
2 미세플라스틱 섬유유연제
3… https://t.co/oAMNPVL8n7
섬유유연제 #샤프란은 광고를 졸라 얄밉게하네..니들이나 잘해라 미세플라스틱운운하면서 다른 업체들 까지말고..카카오는 말을 못한다던 소녀시대애들이 카카오톡 까던 생각이 나는군.
섬유유연제에 미세플라스틱 들어있는 제품이 있다고 광고하는데 환경오염 심하니까 소비자한테 그거 쓰지말라고  말하는거잖아ㅋㅋㅋㅋ
존나 이상한거 아니야? 기업이 먼저 그렇게 안만들었어야지 소비자한테 그냥 딴거 쓰라고하냐ㅋㅋㅋㅋㅋ
입장 ☎ 
▶ X Z P 8 2 3 . C O M

●◈♤№ †☎▷☏▤№
신현희

#마ㅋㅏ오ㅋㅏ지노
#ㅋㅏㅈㅣ노ㄱㅔ임ㅅㅏㅇㅣ트

미세플라스틱_섬유유연제
＆〓 ←♥◇♡◈↘▽§

ZrIXKBeeMzlRmui https://t.co/TgjzISMOs9
"
DAUM,남동공단 화재,1,Twitter,1,,"RT @comewithmesir: 사회 1위 급해요!!!

[속보] 인천 남동공단 자동차부품 공장 화재…소방당국, 진화중

https://t.co/lbTL0TShO2

https://t.co/9I3FUaHAK7

https://t.co/g1dUUsb…
RT @comewithmesir: 사회 1위 급해요!!!

[속보] 인천 남동공단 자동차부품 공장 화재…소방당국, 진화중

https://t.co/lbTL0TShO2

https://t.co/9I3FUaHAK7

https://t.co/g1dUUsb…
RT @comewithmesir: 사회 1위 급해요!!!

[속보] 인천 남동공단 자동차부품 공장 화재…소방당국, 진화중

https://t.co/lbTL0TShO2

https://t.co/9I3FUaHAK7

https://t.co/g1dUUsb…
RT @comewithmesir: 사회 1위 급해요!!!

[속보] 인천 남동공단 자동차부품 공장 화재…소방당국, 진화중

https://t.co/lbTL0TShO2

https://t.co/9I3FUaHAK7

https://t.co/g1dUUsb…
RT @comewithmesir: 사회 1위 급해요!!!

[속보] 인천 남동공단 자동차부품 공장 화재…소방당국, 진화중

https://t.co/lbTL0TShO2

https://t.co/9I3FUaHAK7

https://t.co/g1dUUsb…
RT @aekuksimin: 인천 남동공단에 화재발생.

문재인은 뭐하냐

공수처에만 미쳐서
이런거는 안보이냐?

공수처니 하는 허접쓰레기
같은 개소리하지말고

고통받는 국민들 민생부터
챙겨라 이 쓰레기새끼야!!!

https://t.co/qe4Vk…
RT @comewithmesir: 사회 1위 급해요!!!

[속보] 인천 남동공단 자동차부품 공장 화재…소방당국, 진화중

https://t.co/lbTL0TShO2

https://t.co/9I3FUaHAK7

https://t.co/g1dUUsb…
RT @comewithmesir: 사회 1위 급해요!!!

[속보] 인천 남동공단 자동차부품 공장 화재…소방당국, 진화중

https://t.co/lbTL0TShO2

https://t.co/9I3FUaHAK7

https://t.co/g1dUUsb…
RT @comewithmesir: 사회 1위 급해요!!!

[속보] 인천 남동공단 자동차부품 공장 화재…소방당국, 진화중

https://t.co/lbTL0TShO2

https://t.co/9I3FUaHAK7

https://t.co/g1dUUsb…
RT @comewithmesir: 사회 1위 급해요!!!

[속보] 인천 남동공단 자동차부품 공장 화재…소방당국, 진화중

https://t.co/lbTL0TShO2

https://t.co/9I3FUaHAK7

https://t.co/g1dUUsb…
RT @comewithmesir: 사회 1위 급해요!!!

[속보] 인천 남동공단 자동차부품 공장 화재…소방당국, 진화중

https://t.co/lbTL0TShO2

https://t.co/9I3FUaHAK7

https://t.co/g1dUUsb…
RT @aekuksimin: 인천 남동공단에 화재발생.

문재인은 뭐하냐

공수처에만 미쳐서
이런거는 안보이냐?

공수처니 하는 허접쓰레기
같은 개소리하지말고

고통받는 국민들 민생부터
챙겨라 이 쓰레기새끼야!!!

https://t.co/qe4Vk…
RT @comewithmesir: 사회 1위 급해요!!!

[속보] 인천 남동공단 자동차부품 공장 화재…소방당국, 진화중

https://t.co/lbTL0TShO2

https://t.co/9I3FUaHAK7

https://t.co/g1dUUsb…
RT @comewithmesir: 사회 1위 급해요!!!

[속보] 인천 남동공단 자동차부품 공장 화재…소방당국, 진화중

https://t.co/lbTL0TShO2

https://t.co/9I3FUaHAK7

https://t.co/g1dUUsb…
RT @comewithmesir: 사회 1위 급해요!!!

[속보] 인천 남동공단 자동차부품 공장 화재…소방당국, 진화중

https://t.co/lbTL0TShO2

https://t.co/9I3FUaHAK7

https://t.co/g1dUUsb…
RT @comewithmesir: 사회 1위 급해요!!!

[속보] 인천 남동공단 자동차부품 공장 화재…소방당국, 진화중

https://t.co/lbTL0TShO2

https://t.co/9I3FUaHAK7

https://t.co/g1dUUsb…
RT @comewithmesir: 사회 1위 급해요!!!

[속보] 인천 남동공단 자동차부품 공장 화재…소방당국, 진화중

https://t.co/lbTL0TShO2

https://t.co/9I3FUaHAK7

https://t.co/g1dUUsb…
RT @comewithmesir: 사회 1위 급해요!!!

[속보] 인천 남동공단 자동차부품 공장 화재…소방당국, 진화중

https://t.co/lbTL0TShO2

https://t.co/9I3FUaHAK7

https://t.co/g1dUUsb…
RT @comewithmesir: 사회 1위 급해요!!!

[속보] 인천 남동공단 자동차부품 공장 화재…소방당국, 진화중

https://t.co/lbTL0TShO2

https://t.co/9I3FUaHAK7

https://t.co/g1dUUsb…
RT @comewithmesir: 사회 1위 급해요!!!

[속보] 인천 남동공단 자동차부품 공장 화재…소방당국, 진화중

https://t.co/lbTL0TShO2

https://t.co/9I3FUaHAK7

https://t.co/g1dUUsb…
RT @comewithmesir: 사회 1위 급해요!!!

[속보] 인천 남동공단 자동차부품 공장 화재…소방당국, 진화중

https://t.co/lbTL0TShO2

https://t.co/9I3FUaHAK7

https://t.co/g1dUUsb…
RT @comewithmesir: 사회 1위 급해요!!!

[속보] 인천 남동공단 자동차부품 공장 화재…소방당국, 진화중

https://t.co/lbTL0TShO2

https://t.co/9I3FUaHAK7

https://t.co/g1dUUsb…
RT @comewithmesir: 사회 1위 급해요!!!

[속보] 인천 남동공단 자동차부품 공장 화재…소방당국, 진화중

https://t.co/lbTL0TShO2

https://t.co/9I3FUaHAK7

https://t.co/g1dUUsb…
RT @comewithmesir: 사회 1위 급해요!!!

[속보] 인천 남동공단 자동차부품 공장 화재…소방당국, 진화중

https://t.co/lbTL0TShO2

https://t.co/9I3FUaHAK7

https://t.co/g1dUUsb…
RT @HuffPostKorea: 인천 남동공단 마스크팩 공장에서 화재가 발생했다 https://t.co/QrZJ0Dhg3o https://t.co/z9Y30XBX47
RT @comewithmesir: 사회 1위 급해요!!!

[속보] 인천 남동공단 자동차부품 공장 화재…소방당국, 진화중

https://t.co/lbTL0TShO2

https://t.co/9I3FUaHAK7

https://t.co/g1dUUsb…
RT @comewithmesir: 사회 1위 급해요!!!

[속보] 인천 남동공단 자동차부품 공장 화재…소방당국, 진화중

https://t.co/lbTL0TShO2

https://t.co/9I3FUaHAK7

https://t.co/g1dUUsb…
RT @comewithmesir: 사회 1위 급해요!!!

[속보] 인천 남동공단 자동차부품 공장 화재…소방당국, 진화중

https://t.co/lbTL0TShO2

https://t.co/9I3FUaHAK7

https://t.co/g1dUUsb…
RT @comewithmesir: 사회 1위 급해요!!!

[속보] 인천 남동공단 자동차부품 공장 화재…소방당국, 진화중

https://t.co/lbTL0TShO2

https://t.co/9I3FUaHAK7

https://t.co/g1dUUsb…
RT @comewithmesir: 사회 1위 급해요!!!

[속보] 인천 남동공단 자동차부품 공장 화재…소방당국, 진화중

https://t.co/lbTL0TShO2

https://t.co/9I3FUaHAK7

https://t.co/g1dUUsb…
RT @comewithmesir: 사회 1위 급해요!!!

[속보] 인천 남동공단 자동차부품 공장 화재…소방당국, 진화중

https://t.co/lbTL0TShO2

https://t.co/9I3FUaHAK7

https://t.co/g1dUUsb…
사회 1위 급해요!!!

[속보] 인천 남동공단 자동차부품 공장 화재…소방당국, 진화중

https://t.co/lbTL0TShO2

https://t.co/9I3FUaHAK7… https://t.co/J6GhZR1vIO
RT @Chosun: 인천 남동공단 자동차 부품공장 화재…소방 인력 106명 투입 '2단계 발령' https://t.co/S9CdXiK5Jn https://t.co/F4WKxOIKIf
RT @aekuksimin: 인천 남동공단에 화재발생.

문재인은 뭐하냐

공수처에만 미쳐서
이런거는 안보이냐?

공수처니 하는 허접쓰레기
같은 개소리하지말고

고통받는 국민들 민생부터
챙겨라 이 쓰레기새끼야!!!

https://t.co/qe4Vk…
인천 남동공단 마스크팩 공장에서 화재가 발생했다 https://t.co/uovdmSQmAh https://t.co/X3SI5D21Ui
인천 남동공단 화재 
https://t.co/q8aFObjVY8
인천 남동공단 화재 https://t.co/q8aFObjVY8
남동공단 화재 https://t.co/q8aFObjVY8
RT @HuffPostKorea: 인천 남동공단 마스크팩 공장에서 화재가 발생했다 https://t.co/QrZJ0Dhg3o https://t.co/z9Y30XBX47
RT @HuffPostKorea: 인천 남동공단 마스크팩 공장에서 화재가 발생했다 https://t.co/QrZJ0Dhg3o https://t.co/z9Y30XBX47
RT @HuffPostKorea: 인천 남동공단 마스크팩 공장에서 화재가 발생했다 https://t.co/QrZJ0Dhg3o https://t.co/z9Y30XBX47
RT @HuffPostKorea: 인천 남동공단 마스크팩 공장에서 화재가 발생했다 https://t.co/QrZJ0Dhg3o https://t.co/z9Y30XBX47
인천 남동공단 마스크팩 공장에서 화재가 발생했다 https://t.co/QrZJ0Dhg3o https://t.co/z9Y30XBX47
[실시간 3위 남동공단 화재] [속보] 인천 남동공단 화재...소방 대응 2단계 발령 https://t.co/hiknzA8oQE
[속보] 인천 남동공단 자동차부품 공장 화재…소방당국, 진화중 https://t.co/c4DrvJAzP6 https://t.co/aiVikNRckd
[실시간 3위 남동공단 화재] 인천 남동공단자동차 부품공장 화재…1시간 만에 초기 진화 완료 https://t.co/QLhaurEWe7
RT @aekuksimin: 인천 남동공단에 화재발생.

문재인은 뭐하냐

공수처에만 미쳐서
이런거는 안보이냐?

공수처니 하는 허접쓰레기
같은 개소리하지말고

고통받는 국민들 민생부터
챙겨라 이 쓰레기새끼야!!!

https://t.co/qe4Vk…
RT @Chosun: 인천 남동공단 자동차 부품공장 화재…소방 인력 106명 투입 '2단계 발령' https://t.co/S9CdXiK5Jn https://t.co/F4WKxOIKIf
인천 남동공단에 화재발생.

문재인은 뭐하냐

공수처에만 미쳐서
이런거는 안보이냐?

공수처니 하는 허접쓰레기
같은 개소리하지말고

고통받는 국민들 민생부터
챙겨라 이 쓰레기새끼야!!!

https://t.co/qe4VkXcCic
[실시간 2위 남동공단 화재] [속보] 인천 남동공단자동차부품 공장 화재…소방당국, 진화중 https://t.co/twQj2jKBfG
RT @tbsseoul: [건물화재 13:04 현재] 인천 청능대로 (호구포길4거리 → 모아텍4거리) 남동공단  자동차부품공장(고잔동 644-11)에 화재발생, 현재 진화작업으로 양방면 통행이 안되고 있으니 미리 우회하시기 바랍니다. (화재로 검은…
[실시간 2위 남동공단 화재] 인천 남동공단 화재…소방 대응 2단계 발령·인명 피해는? https://t.co/DzV7uLFIeJ
RT @isisanews: 남동공단 내 화재 발생... 대응2단계 발령 - 인천투데이 https://t.co/EjsaSCEtgr
인천 병방동 다세대주택서 불…1명 부상·10여명 대피
https://t.co/B08B9sk7p4

인천 남동공단 자동차 부품공장 화재…소방인력 106명 투입
https://t.co/w9LRTEj9I9
[실시간 2위 남동공단 화재] 인천 남동공단 화재.. 소방당국 인명피해 확인 중 https://t.co/KfPAVyNLYp
RT @isisanews: 남동공단 내 화재 발생... 대응2단계 발령 - 인천투데이 https://t.co/EjsaSCEtgr
RT @isisanews: 남동공단 내 화재 발생... 대응2단계 발령 - 인천투데이 https://t.co/EjsaSCEtgr
RT @isisanews: 남동공단 내 화재 발생... 대응2단계 발령 - 인천투데이 https://t.co/EjsaSCEtgr
RT @isisanews: 남동공단 내 화재 발생... 대응2단계 발령 - 인천투데이 https://t.co/EjsaSCEtgr
RT @tbsseoul: [건물화재 13:04 현재] 인천 청능대로 (호구포길4거리 → 모아텍4거리) 남동공단  자동차부품공장(고잔동 644-11)에 화재발생, 현재 진화작업으로 양방면 통행이 안되고 있으니 미리 우회하시기 바랍니다. (화재로 검은…
RT @Chosun: 인천 남동공단 자동차 부품공장 화재…소방 인력 106명 투입 '2단계 발령' https://t.co/S9CdXiK5Jn https://t.co/F4WKxOIKIf
RT @tbsseoul: [건물화재 13:04 현재] 인천 청능대로 (호구포길4거리 → 모아텍4거리) 남동공단  자동차부품공장(고잔동 644-11)에 화재발생, 현재 진화작업으로 양방면 통행이 안되고 있으니 미리 우회하시기 바랍니다. (화재로 검은…
RT @isisanews: 남동공단 내 화재 발생... 대응2단계 발령 - 인천투데이 https://t.co/EjsaSCEtgr
인천 남동공단 화재.. 소방당국 인명피해 확인 중 
https://t.co/WQ7QWazAdP via @HangangTimes
RT @tbsseoul: [건물화재 13:04 현재] 인천 청능대로 (호구포길4거리 → 모아텍4거리) 남동공단  자동차부품공장(고잔동 644-11)에 화재발생, 현재 진화작업으로 양방면 통행이 안되고 있으니 미리 우회하시기 바랍니다. (화재로 검은…
RT @tbsseoul: [건물화재 13:04 현재] 인천 청능대로 (호구포길4거리 → 모아텍4거리) 남동공단  자동차부품공장(고잔동 644-11)에 화재발생, 현재 진화작업으로 양방면 통행이 안되고 있으니 미리 우회하시기 바랍니다. (화재로 검은…
RT @Chosun: 인천 남동공단 자동차 부품공장 화재…소방 인력 106명 투입 '2단계 발령' https://t.co/S9CdXiK5Jn https://t.co/F4WKxOIKIf
RT @tbsseoul: [건물화재 13:04 현재] 인천 청능대로 (호구포길4거리 → 모아텍4거리) 남동공단  자동차부품공장(고잔동 644-11)에 화재발생, 현재 진화작업으로 양방면 통행이 안되고 있으니 미리 우회하시기 바랍니다. (화재로 검은…
인천 남동공단 자동차 부품공장 화재…소방 인력 106명 투입 '2단계 발령' https://t.co/S9CdXiK5Jn https://t.co/F4WKxOIKIf
[건물화재 13:04 현재] 인천 청능대로 (호구포길4거리 → 모아텍4거리) 남동공단  자동차부품공장(고잔동 644-11)에 화재발생, 현재 진화작업으로 양방면 통행이 안되고 있으니 미리 우회하시기 바랍니다… https://t.co/P1pxZTqERU
남동공단 화재 자동차 부품공장 불 안타까운 이유 https://t.co/dhHtoXFbBk
RT @isisanews: 남동공단 내 화재 발생... 대응2단계 발령 - 인천투데이 https://t.co/EjsaSCEtgr
RT @isisanews: 남동공단 내 화재 발생... 대응2단계 발령 - 인천투데이 https://t.co/EjsaSCEtgr
남동공단 내 화재 발생... 대응2단계 발령 - 인천투데이 https://t.co/EjsaSCEtgr
"
DAUM,문근영,2,Twitter,1,,"RT @newsenstar: 문근영&amp;김선호, 거침없는 케미 ˙유령을 잡아라˙ 포토타임 [뉴스엔TV] (출처 : NEWSEN(뉴스엔) | 네이버TV) https://t.co/0QBqY7O4Yk
#유령을잡아라 #CATCH_THE_GHOST #제작발표회…
RT @newsenstar: 문근영&amp;김선호, 거침없는 케미 ˙유령을 잡아라˙ 포토타임 [뉴스엔TV] (출처 : NEWSEN(뉴스엔) | 네이버TV) https://t.co/0QBqY7O4Yk
#유령을잡아라 #CATCH_THE_GHOST #제작발표회…
문근영 https://t.co/U4ucwPbQXb
RT @MGYiFC_: [PHOTO] 191021 Moon Geun Young at 'Catch The Ghost' Press Conference

Credit as tagged

#MoonGeunYoung #문근영 #유령을잡아라 #CatchTheG…
RT @MGYiFC_: [PHOTO] 191021 Moon Geun Young with Kim Seon Ho at 'Catch The Ghost' Press Conference

Credit as tagged

#MoonGeunYoung #문근영 #…
RT @MGYiFC_: [PHOTO] 191021 Moon Geun Young at 'Catch The Ghost' Press Conference (4)

Credit as tagged

#MoonGeunYoung #문근영 #유령을잡아라 #Catch…
RT @MGYiFC_: [PHOTO] 191021 Moon Geun Young with Kim Seon Ho at 'Catch The Ghost' Press Conference

Credit as tagged

#MoonGeunYoung #문근영 #…
RT @MGYiFC_: Rice Wreath Support for ""#CatchTheGhost"" Press Conference

500kg from Sarigomtangmoons
100kg from Moon Geun Young Chinese Fans…
[PHOTO] 191021 Moon Geun Young at 'Catch The Ghost' Press Conference (4)

Credit as tagged

#MoonGeunYoung #문근영… https://t.co/lnaSXj3TL5
포토]김선호-문근영, 화기애애
[현장] ‘유령을 잡아라’ 문근영, “드라마 복귀 4년 만…연기에 대한 욕망 해소” #유령을잡아라 #문근영 https://t.co/j302YdreHs
문근영&amp;김선호, 거침없는 케미 ˙유령을 잡아라˙ 포토타임 [뉴스엔TV] (출처 : NEWSEN(뉴스엔) | 네이버TV) https://t.co/0QBqY7O4Yk
#유령을잡아라 #CATCH_THE_GHOST… https://t.co/SWUNu366Eb
문근영&amp;김선호, 거침없는 케미 '유령을 잡아라' 포토타임 [NewsenTV] https://t.co/rPWtSSD8EG @YouTube 님이 공유
#유령을잡아라 #CATCH_THE_GHOST #제작발표회… https://t.co/XCy9bvPcH0
RT @MGYiFC_: [PHOTO] 191021 Moon Geun Young at 'Catch The Ghost' Press Conference

Credit as tagged

#MoonGeunYoung #문근영 #유령을잡아라 #CatchTheG…
RT @MGYiFC_: [PHOTO] 191021 Moon Geun Young at 'Catch The Ghost' Press Conference (2)

Credit as tagged

#MoonGeunYoung #문근영 #유령을잡아라 #Catch…
RT @MGYiFC_: [PHOTO] 191021 Moon Geun Young with Kim Seon Ho at 'Catch The Ghost' Press Conference

Credit as tagged

#MoonGeunYoung #문근영 #…
RT @newsenstar: 리모콘 고정 유발 드라마 ˙유령을 잡아라˙ 포토타임 [뉴스엔TV] (출처 : NEWSEN(뉴스엔) | 네이버TV) https://t.co/StRBEYYqey
#유령을잡아라 #CATCH_THE_GHOST #제작발표회 #PR…
RT @CJnDrama: [D-DAY] 아 기다리고 기다리던 &lt;유령을 잡아라&gt;
꿀잼보장 상극콤비 밀착수사극이
오늘 밤 9시 30분에 시작됩니다😍

오늘 밤 9시 30분 방송
#tvN #월화드라마 #유령을잡아라
#문근영 #김선호
#정유진 #기도훈 #조…
RT @CJnDrama: [D-DAY] 아 기다리고 기다리던 &lt;유령을 잡아라&gt;
꿀잼보장 상극콤비 밀착수사극이
오늘 밤 9시 30분에 시작됩니다😍

오늘 밤 9시 30분 방송
#tvN #월화드라마 #유령을잡아라
#문근영 #김선호
#정유진 #기도훈 #조…
RT @MGYiFC_: [PHOTO] 191021 Moon Geun Young at 'Catch The Ghost' Press Conference

Credit as tagged

#MoonGeunYoung #문근영 #유령을잡아라 #CatchTheG…
RT @MGYiFC_: Rice Wreath Support for ""#CatchTheGhost"" Press Conference

500kg from Sarigomtangmoons
100kg from Moon Geun Young Chinese Fans…
RT @MGYiFC_: [PHOTO] 191021 Moon Geun Young with Kim Seon Ho at 'Catch The Ghost' Press Conference

Credit as tagged

#MoonGeunYoung #문근영 #…
RT @MGYiFC_: Our message on the left ribbon of the rice wreath:
 
""Yoo Ryung, you're under arrest for stealing our hearts!"" 

#MoonGeunYoun…
RT @blackmt1: 배우 문근영 씨의 도서관 이야기를 오랜만에 듣네요. 호주에 있는 '한글 사람 도서관', 오래오래 교민들과 함께 할 수 있기를 바랍니다. 
https://t.co/uzUvIB9EFG
RT @CJnDrama: [D-DAY] 아 기다리고 기다리던 &lt;유령을 잡아라&gt;
꿀잼보장 상극콤비 밀착수사극이
오늘 밤 9시 30분에 시작됩니다😍

오늘 밤 9시 30분 방송
#tvN #월화드라마 #유령을잡아라
#문근영 #김선호
#정유진 #기도훈 #조…
RT @newsenstar: 리모콘 고정 유발 드라마 ˙유령을 잡아라˙ 포토타임 [뉴스엔TV] (출처 : NEWSEN(뉴스엔) | 네이버TV) https://t.co/StRBEYYqey
#유령을잡아라 #CATCH_THE_GHOST #제작발표회 #PR…
문근영, ‘4년만에 드라마 출연
리모콘 고정 유발 드라마 ˙유령을 잡아라˙ 포토타임 [뉴스엔TV] (출처 : NEWSEN(뉴스엔) | 네이버TV) https://t.co/StRBEYYqey
#유령을잡아라 #CATCH_THE_GHOST… https://t.co/x0vpoXqryk
문근영, 각선미 자랑하는 핫팬츠 패션 https://t.co/Ftp7VDc9oN
리모콘 고정 유발 드라마 '유령을 잡아라' 포토타임   [NewsenTV] https://t.co/UBgbV5q93w @YouTube 님이 공유
#유령을잡아라 #CATCH_THE_GHOST #제작발표회… https://t.co/xteO0as544
[PHOTO] 191021 Moon Geun Young with Kim Seon Ho at 'Catch The Ghost' Press Conference

Credit as tagged… https://t.co/loI0NMpDpq
RT @MGYiFC_: [PHOTO] 191021 Moon Geun Young at 'Catch The Ghost' Press Conference (2)

Credit as tagged

#MoonGeunYoung #문근영 #유령을잡아라 #Catch…
RT @MGYiFC_: [PHOTO] 191021 Moon Geun Young at 'Catch The Ghost' Press Conference

Credit as tagged

#MoonGeunYoung #문근영 #유령을잡아라 #CatchTheG…
RT @MGYiFC_: [PHOTO] 191021 Moon Geun Young at 'Catch The Ghost' Press Conference

Credit as tagged

#MoonGeunYoung #문근영 #유령을잡아라 #CatchTheG…
[PHOTO] 191021 Moon Geun Young at 'Catch The Ghost' Press Conference (2)

Credit as tagged

#MoonGeunYoung #문근영… https://t.co/Tn5II6nahP
[PHOTO] 191021 Moon Geun Young at 'Catch The Ghost' Press Conference

Credit as tagged

#MoonGeunYoung #문근영 #유령을잡아라… https://t.co/BOBjNYQTKS
#ㅇㅕ성흥분ㅈㅔ파는곳
#ㅇㅕ성최음ㅈㅔ판ㅁㅐㅅㅏㅇㅣ트
#ㅇㅕ성흥분ㅈㅔ판ㅁㅐㅅㅏㅇㅣ트

⚾ 바로가기 &gt;&gt; @Korea1Via
🍯 正品상담:카톡 via69

문근영, 신입경찰의 거수경례[포토엔HD] https://t.co/EHrJTyeNvZ
문근영, 신입경찰의 거수경례[포토엔HD]

#정품ㅂㅣㅇㅏ그ㄹㅏ구입방법
#ㅇㅕ성흥분ㅈㅔ판ㅁㅐㅅㅏㅇㅣ트
#정품ㅂㅣㅇㅏ그ㄹㅏ판ㅁㅐㅅㅏㅇㅣ트

🐦 홈페이지 &gt;&gt; @Korea1Via
🍱 正品상담:카톡 via69

ㅂ… https://t.co/eH9bHVQo1g
RT @CJnDrama: [D-DAY] 아 기다리고 기다리던 &lt;유령을 잡아라&gt;
꿀잼보장 상극콤비 밀착수사극이
오늘 밤 9시 30분에 시작됩니다😍

오늘 밤 9시 30분 방송
#tvN #월화드라마 #유령을잡아라
#문근영 #김선호
#정유진 #기도훈 #조…
‘ #유령을잡아라 ’ #문근영 X #김선호, 시간순삭 하이라이트 전격 공개 https://t.co/RXiqkBV5bD https://t.co/RXiqkBV5bD
RT @CJnDrama: [D-DAY] 아 기다리고 기다리던 &lt;유령을 잡아라&gt;
꿀잼보장 상극콤비 밀착수사극이
오늘 밤 9시 30분에 시작됩니다😍

오늘 밤 9시 30분 방송
#tvN #월화드라마 #유령을잡아라
#문근영 #김선호
#정유진 #기도훈 #조…
RT @CJnDrama: [D-DAY] 아 기다리고 기다리던 &lt;유령을 잡아라&gt;
꿀잼보장 상극콤비 밀착수사극이
오늘 밤 9시 30분에 시작됩니다😍

오늘 밤 9시 30분 방송
#tvN #월화드라마 #유령을잡아라
#문근영 #김선호
#정유진 #기도훈 #조…
RT @MGYiFC_: [SNS] 191021 Ahn Seung Gyun Instagram Update:

tvN's 'Catch the Ghost' at 9:30pm, tune in and catch (the first broadcast)!!

#…
RT @MGYiFC_: [SNS] 191021 Ahn Seung Gyun Instagram Update:

tvN's 'Catch the Ghost' at 9:30pm, tune in and catch (the first broadcast)!!

#…
RT @CJnDrama: ★오늘(월) 저녁 7시 30분
&lt;유령을 잡아라&gt; 첫방기념 카카오 라이브 채팅★

문근영X김선호와 실시간 카톡으로 만나요!♥ 

오늘 밤 9시 30분 첫 방송
#tvN #새월화드라마 #유령을잡아라
#문근영 #김선호
#정유진 #…
RT @MGYiFC_: [SNS] 191021 Ahn Seung Gyun Instagram Update:

tvN's 'Catch the Ghost' at 9:30pm, tune in and catch (the first broadcast)!!

#…
RT @MGYiFC_: [SNS] 191021 Ahn Seung Gyun Instagram Update:

tvN's 'Catch the Ghost' at 9:30pm, tune in and catch (the first broadcast)!!

#…
RT @MGYiFC_: [SNS] 191021 Ahn Seung Gyun Instagram Update:

tvN's 'Catch the Ghost' at 9:30pm, tune in and catch (the first broadcast)!!

#…
RT @MGYiFC_: [SNS] 191021 Ahn Seung Gyun Instagram Update:

tvN's 'Catch the Ghost' at 9:30pm, tune in and catch (the first broadcast)!!

#…
[SNS] 191021 Ahn Seung Gyun Instagram Update:

tvN's 'Catch the Ghost' at 9:30pm, tune in and catch (the first broa… https://t.co/hN3XMG8Q4x
[SNS] 191021 Ahn Seung Gyun Instagram Update:

tvN's 'Catch the Ghost' at 9:30pm, tune in and catch (the first broa… https://t.co/ScQjggasIi
RT @CJnDrama: [D-DAY] 아 기다리고 기다리던 &lt;유령을 잡아라&gt;
꿀잼보장 상극콤비 밀착수사극이
오늘 밤 9시 30분에 시작됩니다😍

오늘 밤 9시 30분 방송
#tvN #월화드라마 #유령을잡아라
#문근영 #김선호
#정유진 #기도훈 #조…
RT @CJnDrama: [D-1] 두둥.. 오래 기다리셨습니다..
⭐첫방 코앞 기념⭐
허당반장 김선호 x 극한신참 문근영
상극케미가 이렇게나 기대될수가 없다~❤

10월 21일 [월] 밤 9시 30분 첫 방송
#tvN #새월화드라마 #유령을잡아라…
RT @CJnDrama: [D-DAY] 아 기다리고 기다리던 &lt;유령을 잡아라&gt;
꿀잼보장 상극콤비 밀착수사극이
오늘 밤 9시 30분에 시작됩니다😍

오늘 밤 9시 30분 방송
#tvN #월화드라마 #유령을잡아라
#문근영 #김선호
#정유진 #기도훈 #조…
RT @Roulettte_: 하루 세번씩 문근영 연기보고 정신차리기 https://t.co/NqyXrkNjHW
RT @CJnDrama: [D-DAY] 아 기다리고 기다리던 &lt;유령을 잡아라&gt;
꿀잼보장 상극콤비 밀착수사극이
오늘 밤 9시 30분에 시작됩니다😍

오늘 밤 9시 30분 방송
#tvN #월화드라마 #유령을잡아라
#문근영 #김선호
#정유진 #기도훈 #조…
RT @CJnDrama: [D-DAY] 아 기다리고 기다리던 &lt;유령을 잡아라&gt;
꿀잼보장 상극콤비 밀착수사극이
오늘 밤 9시 30분에 시작됩니다😍

오늘 밤 9시 30분 방송
#tvN #월화드라마 #유령을잡아라
#문근영 #김선호
#정유진 #기도훈 #조…
RT @CJnDrama: [D-DAY] 아 기다리고 기다리던 &lt;유령을 잡아라&gt;
꿀잼보장 상극콤비 밀착수사극이
오늘 밤 9시 30분에 시작됩니다😍

오늘 밤 9시 30분 방송
#tvN #월화드라마 #유령을잡아라
#문근영 #김선호
#정유진 #기도훈 #조…
RT @MGYiFC_: [PHOTO] 191021 tvN drama official update with Subway Police Force Unit! Catch the first episode tonight at 9:30pm KST!

#MoonG…
RT @MGYiFC_: Rice Wreath Support for ""#CatchTheGhost"" Press Conference

500kg from Sarigomtangmoons
100kg from Moon Geun Young Chinese Fans…
RT @CJnDrama: [D-DAY] 아 기다리고 기다리던 &lt;유령을 잡아라&gt;
꿀잼보장 상극콤비 밀착수사극이
오늘 밤 9시 30분에 시작됩니다😍

오늘 밤 9시 30분 방송
#tvN #월화드라마 #유령을잡아라
#문근영 #김선호
#정유진 #기도훈 #조…
RT @MGYiFC_: Link for tonight's live chat with Moon Geun Young and Kim Seon Ho

https://t.co/ZAetOEV2I0

#MoonGeunYoung #문근영 #유령을잡아라 #Catch…
RT @MGYiFC_: Rice Wreath Support for ""#CatchTheGhost"" Press Conference

500kg from Sarigomtangmoons
100kg from Moon Geun Young Chinese Fans…
RT @CJnDrama: [D-DAY] 아 기다리고 기다리던 &lt;유령을 잡아라&gt;
꿀잼보장 상극콤비 밀착수사극이
오늘 밤 9시 30분에 시작됩니다😍

오늘 밤 9시 30분 방송
#tvN #월화드라마 #유령을잡아라
#문근영 #김선호
#정유진 #기도훈 #조…
""'놀라운 토요일' 문근영-김선호 당황시킨 라비 '턱시도' 가사는? ""동대문에서 하면 참 좋겠네"""" https://t.co/87N5DXbwI3 #라비 #RAVI #빅스 #VIXX #GROOVL1N… https://t.co/H64gnBUM6h
""'라비 턱시도(tuxedo)' 가사는?… 문근영 ""골라 잡을 거야"""" https://t.co/5qyD8Lxg0i #라비 #RAVI #빅스 #VIXX #GROOVL1N #20191016_12PM #BandiNLunis #반디앤루니스
RT @CJnDrama: [D-DAY] 아 기다리고 기다리던 &lt;유령을 잡아라&gt;
꿀잼보장 상극콤비 밀착수사극이
오늘 밤 9시 30분에 시작됩니다😍

오늘 밤 9시 30분 방송
#tvN #월화드라마 #유령을잡아라
#문근영 #김선호
#정유진 #기도훈 #조…
RT @MGYiFC_: [PHOTO] 191021 tvN drama official update with Subway Police Force Unit! Catch the first episode tonight at 9:30pm KST!

#MoonG…
RT @CJnDrama: [D-DAY] 아 기다리고 기다리던 &lt;유령을 잡아라&gt;
꿀잼보장 상극콤비 밀착수사극이
오늘 밤 9시 30분에 시작됩니다😍

오늘 밤 9시 30분 방송
#tvN #월화드라마 #유령을잡아라
#문근영 #김선호
#정유진 #기도훈 #조…
[PHOTO] 191021 tvN drama official update with Subway Police Force Unit! Catch the first episode tonight at 9:30pm K… https://t.co/x5uVox19mu
RT @CJnDrama: [D-DAY] 아 기다리고 기다리던 &lt;유령을 잡아라&gt;
꿀잼보장 상극콤비 밀착수사극이
오늘 밤 9시 30분에 시작됩니다😍

오늘 밤 9시 30분 방송
#tvN #월화드라마 #유령을잡아라
#문근영 #김선호
#정유진 #기도훈 #조…
RT @CJnDrama: [D-DAY] 아 기다리고 기다리던 &lt;유령을 잡아라&gt;
꿀잼보장 상극콤비 밀착수사극이
오늘 밤 9시 30분에 시작됩니다😍

오늘 밤 9시 30분 방송
#tvN #월화드라마 #유령을잡아라
#문근영 #김선호
#정유진 #기도훈 #조…
RT @CJnDrama: [D-DAY] 아 기다리고 기다리던 &lt;유령을 잡아라&gt;
꿀잼보장 상극콤비 밀착수사극이
오늘 밤 9시 30분에 시작됩니다😍

오늘 밤 9시 30분 방송
#tvN #월화드라마 #유령을잡아라
#문근영 #김선호
#정유진 #기도훈 #조…
RT @CJnDrama: [D-1] 두둥.. 오래 기다리셨습니다..
⭐첫방 코앞 기념⭐
허당반장 김선호 x 극한신참 문근영
상극케미가 이렇게나 기대될수가 없다~❤

10월 21일 [월] 밤 9시 30분 첫 방송
#tvN #새월화드라마 #유령을잡아라…
RT @CJnDrama: [D-DAY] 아 기다리고 기다리던 &lt;유령을 잡아라&gt;
꿀잼보장 상극콤비 밀착수사극이
오늘 밤 9시 30분에 시작됩니다😍

오늘 밤 9시 30분 방송
#tvN #월화드라마 #유령을잡아라
#문근영 #김선호
#정유진 #기도훈 #조…
RT @CJnDrama: [D-DAY] 아 기다리고 기다리던 &lt;유령을 잡아라&gt;
꿀잼보장 상극콤비 밀착수사극이
오늘 밤 9시 30분에 시작됩니다😍

오늘 밤 9시 30분 방송
#tvN #월화드라마 #유령을잡아라
#문근영 #김선호
#정유진 #기도훈 #조…
RT @kimseonho_ph: can anyone help me to enter this chat room for tonight live in kakao? I dont know the code TT
#tvN #새월화드라마 #유령을잡아라
#문근영 #…
Link for tonight's live chat with Moon Geun Young and Kim Seon Ho

https://t.co/ZAetOEV2I0

#MoonGeunYoung #문근영… https://t.co/gcu1xQZktV
RT @MGYiFC_: Rice Wreath Support for ""#CatchTheGhost"" Press Conference

500kg from Sarigomtangmoons
100kg from Moon Geun Young Chinese Fans…
RT @CJnDrama: [D-DAY] 아 기다리고 기다리던 &lt;유령을 잡아라&gt;
꿀잼보장 상극콤비 밀착수사극이
오늘 밤 9시 30분에 시작됩니다😍

오늘 밤 9시 30분 방송
#tvN #월화드라마 #유령을잡아라
#문근영 #김선호
#정유진 #기도훈 #조…
문근영 김선호 ‘유령을 잡아라’, 오늘 첫 방송..꿀잼 보장 관전포인트는? / 브레이크뉴스  https://t.co/kvByenHTTe
RT @CJnDrama: [D-DAY] 아 기다리고 기다리던 &lt;유령을 잡아라&gt;
꿀잼보장 상극콤비 밀착수사극이
오늘 밤 9시 30분에 시작됩니다😍

오늘 밤 9시 30분 방송
#tvN #월화드라마 #유령을잡아라
#문근영 #김선호
#정유진 #기도훈 #조…
RT @CJnDrama: [D-DAY] 아 기다리고 기다리던 &lt;유령을 잡아라&gt;
꿀잼보장 상극콤비 밀착수사극이
오늘 밤 9시 30분에 시작됩니다😍

오늘 밤 9시 30분 방송
#tvN #월화드라마 #유령을잡아라
#문근영 #김선호
#정유진 #기도훈 #조…
RT @CJnDrama: [D-DAY] 아 기다리고 기다리던 &lt;유령을 잡아라&gt;
꿀잼보장 상극콤비 밀착수사극이
오늘 밤 9시 30분에 시작됩니다😍

오늘 밤 9시 30분 방송
#tvN #월화드라마 #유령을잡아라
#문근영 #김선호
#정유진 #기도훈 #조…
Rice Wreath Support for ""#CatchTheGhost"" Press Conference

500kg from Sarigomtangmoons
100kg from Moon Geun Young C… https://t.co/Aqd4Fd0hyU
RT @CJnDrama: [D-DAY] 아 기다리고 기다리던 &lt;유령을 잡아라&gt;
꿀잼보장 상극콤비 밀착수사극이
오늘 밤 9시 30분에 시작됩니다😍

오늘 밤 9시 30분 방송
#tvN #월화드라마 #유령을잡아라
#문근영 #김선호
#정유진 #기도훈 #조…
RT @CJnDrama: [D-DAY] 아 기다리고 기다리던 &lt;유령을 잡아라&gt;
꿀잼보장 상극콤비 밀착수사극이
오늘 밤 9시 30분에 시작됩니다😍

오늘 밤 9시 30분 방송
#tvN #월화드라마 #유령을잡아라
#문근영 #김선호
#정유진 #기도훈 #조…
can anyone help me to enter this chat room for tonight live in kakao? I dont know the code TT
#tvN #새월화드라마 #유령을잡아라… https://t.co/yVW7JYabeQ
RT @NAMOOACTORS2004: [#문근영] '유령을 잡아라' 첫방, 문근영·김선호 상극 콤비로 '인생캐 예고' 
https://t.co/BDYnqDvSzT https://t.co/2DnkC6CHOZ
RT @CJnDrama: ★오늘(월) 저녁 7시 30분
&lt;유령을 잡아라&gt; 첫방기념 카카오 라이브 채팅★

문근영X김선호와 실시간 카톡으로 만나요!♥ 

오늘 밤 9시 30분 첫 방송
#tvN #새월화드라마 #유령을잡아라
#문근영 #김선호
#정유진 #…
[D-DAY] 아 기다리고 기다리던 &lt;유령을 잡아라&gt;
꿀잼보장 상극콤비 밀착수사극이
오늘 밤 9시 30분에 시작됩니다😍

오늘 밤 9시 30분 방송
#tvN #월화드라마 #유령을잡아라
#문근영 #김선호… https://t.co/8bZaqSVJ7F
RT @NAMOOACTORS2004: [#문근영] '유령을 잡아라' 첫방, 문근영·김선호 상극 콤비로 '인생캐 예고' 
https://t.co/BDYnqDvSzT https://t.co/2DnkC6CHOZ
RT @Lesetoiles_O: 신데렐라 언니 문근영 
머리카락 휘날리는 장면 
#은조야 https://t.co/gcSKVnGnwb
RT @CJnDrama: ★오늘(월) 저녁 7시 30분
&lt;유령을 잡아라&gt; 첫방기념 카카오 라이브 채팅★

문근영X김선호와 실시간 카톡으로 만나요!♥ 

오늘 밤 9시 30분 첫 방송
#tvN #새월화드라마 #유령을잡아라
#문근영 #김선호
#정유진 #…
RT @MGYiFC_: Our message on the left ribbon of the rice wreath:
 
""Yoo Ryung, you're under arrest for stealing our hearts!"" 

#MoonGeunYoun…
RT @MGYiFC_: [INFO] 191021 Moon Geun Young and Kim Seon Ho to hold a Kakao Live Chat for 'Catch the Ghost' at 7:30pm (KST)

Source: tvndram…
RT @NAMOOACTORS2004: [#문근영] '유령을 잡아라' 첫방, 문근영·김선호 상극 콤비로 '인생캐 예고' 
https://t.co/BDYnqDvSzT https://t.co/2DnkC6CHOZ
RT @dreamecokr: tvN 드라마 '유령을 잡아라' 제작발표회 배우 문근영(MoonGeunYoung) 응원 드리미 쌀화환- Moon Geun Young International(MGYIFC): #문근영 #MoonGeunYoung #유령을잡아…
RT @dreamecokr: tvN 드라마 '유령을 잡아라' 제작발표회 배우 문근영(MoonGeunYoung) 응원 드리미 쌀화환-문근영의DCBH: #문근영 #MoonGeunYoung #유령을잡아라 #tvN #제작발표회 #쇼케이스 #콘서트 #쌀화환…
RT @dreamecokr: tvN 드라마 '유령을 잡아라' 제작발표회 배우 문근영(MoonGeunYoung) 응원 드리미 쌀화환-We ♡ Moon Geun Young: #문근영 #MoonGeunYoung #유령을잡아라 #tvN #제작발표회 #쇼케이…
"
DAUM,강희석,3,Twitter,1,,"RT @urban_lab: ""신세계그룹이 글로벌 컨설팅업체 베인앤드컴퍼니코리아 출신의 강희석 이마트 대표이사를 선임했다. (중략) 존 리 구글코리아 대표가 유력한 후보자로 거론됐으나 신세계는 강 대표를 새로운 이마트 수장으로 낙점했다."" https:…
RT @urban_lab: ""신세계그룹이 글로벌 컨설팅업체 베인앤드컴퍼니코리아 출신의 강희석 이마트 대표이사를 선임했다. (중략) 존 리 구글코리아 대표가 유력한 후보자로 거론됐으나 신세계는 강 대표를 새로운 이마트 수장으로 낙점했다."" https:…
""신세계그룹이 글로벌 컨설팅업체 베인앤드컴퍼니코리아 출신의 강희석 이마트 대표이사를 선임했다. (중략) 존 리 구글코리아 대표가 유력한 후보자로 거론됐으나 신세계는 강 대표를 새로운 이마트 수장으로 낙점했다… https://t.co/lNPk8Qzs7U
[주요뉴스] 이마트, 대대적인 ‘세대교체’…강희석 신임대표 선임 https://t.co/hdtlVPwKRR
얌전한 모범생이였던 고교 동창이 갑자기 이마트 대표가 되었다. 동기회에서는 비록 활동은 없었지만, 축하화분과 밴드가입 시키자는 의견이 있어서, 난 반대 의견 보냈다. 그냥 맘속으로만 축하하는것이 더~

 이… https://t.co/etTzLKyB24
RT @_DIESKI: 이마트 새 대표 존리 아니고 강희석이래. 역시 시끄럽게 떠들어야됨.
이마트 강희석 신임 대표 선임.. 농림축산부→컨설팅업체 거친 외부 인사 
https://t.co/EEnpxwZo0J via @HangangTimes
이마트 새 대표 존리 아니고 강희석이래. 역시 시끄럽게 떠들어야됨.
[주요뉴스] [속보]신세계그룹, 이마트 강희석 신임 대표 선임…첫 외부 영입 https://t.co/0VJLvYejxA
이마트 대표에 외부 인사, 강희석 선임.
존리는 오보였다고.
https://t.co/sBUEZypiDg
신세계그룹 임원인사...이마트 첫 외부인사 영입, 강희석 대표이사 선임

https://t.co/1lcFJ4r4uT https://t.co/AEZQ5bNIFM
[주요뉴스] [속보]신세계그룹, 이마트 강희석 신임 대표 선임…첫 외부 영입 https://t.co/bKdaUryt4r
RT @nNo4kBF0OHQobFk: 세계는 전문경영가 시대♡☆☆
[속보]신세계그룹, 이마트 강희석 신임 대표 선임…첫 외부 영입 (출처 : 머니투데이 | 네이버 뉴스) https://t.co/KdJ0AaYoGu
세계는 전문경영가 시대♡☆☆
[속보]신세계그룹, 이마트 강희석 신임 대표 선임…첫 외부 영입 (출처 : 머니투데이 | 네이버 뉴스) https://t.co/KdJ0AaYoGu
이번 2020 S/S 서울패션위크 그리디어스 컬렉션은 2019년 10월19일 토요일 12시30분 DDP에서 펼쳐치며 패션쇼연출가 공지우감독의 총연출, 스페이스뮤직 대표 윤지원 음악감독의 뮤직디렉팅, 홍보마케팅전문가 강희석이사의 협업에 더하여
프로그램북 정리합니다.
사인 없어요~!!

2017년
뮤지컬 주홍글씨

오진영 / 임강희 / 허규 / 임병근 / 최수형 / 박은석

원가 : 모르겠어요😭 알려주세요😭😭
양도 거래가 : 운미포 0.4

디엠… https://t.co/JTydECAjSO
"
DAUM,나경원,4,Twitter,1,,"RT @darunbooks: 조국 비난하던 나경원, 그를 둘러싼 자녀 의혹 7가지 | 다음뉴스 https://t.co/vimZwwnJbM

나베년 비리 조사하려면, 서울지검 특수부 다시 늘려야 하겠는데!
아니면 특검으로 가든가!
RT @Edward_B_Lee: 나경원 의원은 딸 김유나(26) 씨가 스페셜올림픽코리아에 지난 3년간 자격 없이 당연직 이사로 선임된 의혹 해명 바랍니다!

•SOK 정관에 규정된 당연직 이사는 5명뿐임
•선수 출신은 당연직 이사 아닌 이사로만 선임…
RT @starboat07: 나경원, 자녀 의혹 7가지 
⑥ 한국대표단 5명 중 4명 아들-딸-동생-조카 등 일가족 대표단
⑦미성년자 통장에 수천만원 예금
https://t.co/aba0bMWl5V
RT @jaimepapa1204: 조국 비난하던 나경원, 그를 둘러싼 자녀 의혹 7가지 | 다음뉴스 https://t.co/YnRvVxbjPd
조국 가족의 10분의 1 만큼의 수사력과 인원동원, 수사시간, 보도량만 보여도 공정하다고 믿어줄께! 기레기…
RT @ehdwn0: 최순실 18개 혐의 기소.
박그네 13개 혐의 기소.
정경심교수 11개 혐의로 기소.

사문서위조 혐의는
최순실 박그네도 있는
조서조차 없고
밝혀진 혐의까지 
모조리 기소.
끝까지 괴롭히겠다는것.

윤석열 사건 검찰 배당하여
신…
RT @kDkGc6RUlrTqWkq: 나경원은 대답하라!

'이를 두고 서민들이 박탈감과 허탈함을 느꼈다고 하면 나경원 의원은 국민에게 뭐라고 할 것인가? 그것도 법을 전공한 판사를 엄마-아빠로 두고 있고, 법을 만드는 국회의원이 엄마인 상황에서 불…
RT @jk_space: 국회의원 자녀 입학비리조사하는 특별법. 나경원 서껀 황교안 등, 자유한국당 반대하겠죠? 공수처 법안도 입학비리조사법안도 반대하는 자한당, 자신의 치부를 숨기려고 국회의원직을 남용하는 짓, 이럴 때 '국회의원 질' 한다고 하는…
조국 비난하던 나경원, 그를 둘러싼 자녀 의혹 7가지 | 다음뉴스 https://t.co/nmxgieGf87
RT @3E465B: 친구랑 다이어트 10만원 내기 했다
각자 목표치 못 채우면 10만원 주는 거임
둘다 실패하면 나경원 의원실에 10만원씩 기부하기
RT @ajb6090: 나경원 터졌다! 아들 논문의 대신 쓴 서울대 교수 드디어 입얼였다, 직접 고발 ""명백한 규정 위반 행동이라서 거절했는데 나경원 부... https://t.co/I9EWMDmgNn @YouTube 님이 공유
RT @Schalom1004: 의혹이 차서 넘치는걸 알면서도 검찰은 나경원을 비롯 자한당 범죄 혐의자들에게 유난히 관대한 관용을 배풀고 있습니다.그래서 그런지 이들은 갈수록 법 위에서 조롱하며 널뛰고 있는것 같습니다.

조국 비난하던 나경원, 그를…
RT @keithusa365: 나경원아들 미국유학시 중학생이던
2011년
통장에 3천여만 원 예금

2019년 현재 미국유학중 대학생인 
김현조는 
1억1천만 원이 넘게 예금

한국에서도 사립초등학교를 졸업한 

김현조가 다닌 중고등학교는 
미국에서…
RT @Edward_B_Lee: 나경원 의원은 딸 김유나(26) 씨가 스페셜올림픽코리아에 지난 3년간 자격 없이 당연직 이사로 선임된 의혹 해명 바랍니다!

•SOK 정관에 규정된 당연직 이사는 5명뿐임
•선수 출신은 당연직 이사 아닌 이사로만 선임…
RT @kDkGc6RUlrTqWkq: 나경원은 대답하라!

'이를 두고 서민들이 박탈감과 허탈함을 느꼈다고 하면 나경원 의원은 국민에게 뭐라고 할 것인가? 그것도 법을 전공한 판사를 엄마-아빠로 두고 있고, 법을 만드는 국회의원이 엄마인 상황에서 불…
RT @yonhaptweet: 신동근 ""나경원 딸, 3년간 자격없이 SOK 당연직이사 권한 행사""
https://t.co/y9aFzYmnDy
국회 문화체육관광위원회 소속 더불어민주당 신동근 의원은 21일 자유한국당 나경원 원내대표의 딸 김모 씨가 스…
RT @Edward_B_Lee: 나경원 의원은 딸 김유나(26) 씨가 스페셜올림픽코리아에 지난 3년간 자격 없이 당연직 이사로 선임된 의혹 해명 바랍니다!

•SOK 정관에 규정된 당연직 이사는 5명뿐임
•선수 출신은 당연직 이사 아닌 이사로만 선임…
RT @jk_space: 국회의원 자녀 입학비리조사하는 특별법. 나경원 서껀 황교안 등, 자유한국당 반대하겠죠? 공수처 법안도 입학비리조사법안도 반대하는 자한당, 자신의 치부를 숨기려고 국회의원직을 남용하는 짓, 이럴 때 '국회의원 질' 한다고 하는…
RT @songyss: 신동근 ""나경원 딸, 3년간 자격없이 SOK 당연직이사 권한 행사"" | 다음뉴스 https://t.co/ZEZzH2ZSCi
RT @tnrqhr6554: 조국 비난하던 나경원, 그를 둘러싼 자녀 의혹 7가지 
https://t.co/RJ9XqVZo3J
미친 떡찰은 당장 우리나베년의 집과 관련기관을 압수수색 하라!!
우리나베년과 관련기관 담당자를 당장 구속수사 하라!!
RT @starboat07: 나경원, 자녀 의혹 7가지 
⑥ 한국대표단 5명 중 4명 아들-딸-동생-조카 등 일가족 대표단
⑦미성년자 통장에 수천만원 예금
https://t.co/aba0bMWl5V
RT @jaimepapa1204: 조국 비난하던 나경원, 그를 둘러싼 자녀 의혹 7가지 | 다음뉴스 https://t.co/YnRvVxbjPd
조국 가족의 10분의 1 만큼의 수사력과 인원동원, 수사시간, 보도량만 보여도 공정하다고 믿어줄께! 기레기…
RT @Edward_B_Lee: 나경원 의원은 딸 김유나(26) 씨가 스페셜올림픽코리아에 지난 3년간 자격 없이 당연직 이사로 선임된 의혹 해명 바랍니다!

•SOK 정관에 규정된 당연직 이사는 5명뿐임
•선수 출신은 당연직 이사 아닌 이사로만 선임…
https://t.co/qUMHq6RG69

나경원 전 비서 예일대 매니저 의혹 조카 의혹
나경원아들논문청탁
친일 논란 나경원의 자녀 부정입학 의혹
나경원 사학비리 홍신학원 비리
나경원 아들 제4저자 연구… https://t.co/Q2NvTTxmPn
RT @jinhyung_pang: 조국 비난하던 나경원, 그를 둘러싼 자녀 의혹 7가지 

이 여자 의혹이야 너무 많아서 나열하기도 숨가쁘네

 https://t.co/D29KoFvmV4
RT @8tvmMsF9wJ7uKpM: 오늘(21일) 11개 상임위원회에서 종합 감사가 진행되고 국정감사는 마무리됩니나.
두고보겠습니다.

나경원,""국정감사 종료 뒤 검찰수사 응할것."" https://t.co/s23VenCaiu
신동근 ""나경원 딸, 3년간 자격없이 SOK 당연직이사 권한 행사"" | 다음뉴스 https://t.co/ZEZzH2ZSCi
RT @Edward_B_Lee: 나경원 의원은 딸 김유나(26) 씨가 스페셜올림픽코리아에 지난 3년간 자격 없이 당연직 이사로 선임된 의혹 해명 바랍니다!

•SOK 정관에 규정된 당연직 이사는 5명뿐임
•선수 출신은 당연직 이사 아닌 이사로만 선임…
RT @happy_CSR: 조국 비난하던 나경원, 자녀 의혹 7가지
① 나경원 딸의 대입 부정 의혹
② 대학생 딸의 성적 특혜 의혹
③ 중학생 아들의 불법 해외 유학
④ 나경원 아들의 서울의대 실험실 사용과 제1저자 등재
⑤ 엄마는 회장, 딸은 당연…
대형 언론사에서 세경받는 기레기들은 쓸수 없는 기사군. 
조국 비난하던 나경원, 그를 둘러싼 자녀 의혹 7가지 | 다음뉴스 https://t.co/MXAoKNDhJe
RT @kDkGc6RUlrTqWkq: 나경원은 대답하라!

'이를 두고 서민들이 박탈감과 허탈함을 느꼈다고 하면 나경원 의원은 국민에게 뭐라고 할 것인가? 그것도 법을 전공한 판사를 엄마-아빠로 두고 있고, 법을 만드는 국회의원이 엄마인 상황에서 불…
RT @SgwgwQ: 나베야
자네
딸
아들
비리나
걱정해라
나경원 ""文 대통령 딸 담당 윤 총경 부인 해외 파견? 혹시 딸 도우미로"" - 세계일보

https://t.co/2fBrE104h1
RT @3E465B: 친구랑 다이어트 10만원 내기 했다
각자 목표치 못 채우면 10만원 주는 거임
둘다 실패하면 나경원 의원실에 10만원씩 기부하기
RT @keithusa365: 나경원아들 미국유학시 중학생이던
2011년
통장에 3천여만 원 예금

2019년 현재 미국유학중 대학생인 
김현조는 
1억1천만 원이 넘게 예금

한국에서도 사립초등학교를 졸업한 

김현조가 다닌 중고등학교는 
미국에서…
조국 비난하던 나경원, 그를 둘러싼 자녀 의혹 7가지 | 다음뉴스 https://t.co/YoBHUnLt3x
RT @starboat07: 나경원, 자녀 의혹 7가지 
⑥ 한국대표단 5명 중 4명 아들-딸-동생-조카 등 일가족 대표단
⑦미성년자 통장에 수천만원 예금
https://t.co/aba0bMWl5V
RT @Schalom1004: 의혹이 차서 넘치는걸 알면서도 검찰은 나경원을 비롯 자한당 범죄 혐의자들에게 유난히 관대한 관용을 배풀고 있습니다.그래서 그런지 이들은 갈수록 법 위에서 조롱하며 널뛰고 있는것 같습니다.

조국 비난하던 나경원, 그를…
조국 비난하던 나경원, 그를 둘러싼 자녀 의혹 7가지 https://t.co/kaMHzmjEiE #나경원을수사하라 #자유당아웃 #토착왜구척결
RT @starboat07: 나경원, 자녀 의혹 7가지 
⑥ 한국대표단 5명 중 4명 아들-딸-동생-조카 등 일가족 대표단
⑦미성년자 통장에 수천만원 예금
https://t.co/aba0bMWl5V
RT @Edward_B_Lee: 나경원 의원은 딸 김유나(26) 씨가 스페셜올림픽코리아에 지난 3년간 자격 없이 당연직 이사로 선임된 의혹 해명 바랍니다!

•SOK 정관에 규정된 당연직 이사는 5명뿐임
•선수 출신은 당연직 이사 아닌 이사로만 선임…
RT @ShinnSamuel: 국회의장 문희상은
공수처 법안을 
즉시 직권상정 하라

자유당(황교안 나경원)은 
이악물고 반대하며 
총선뒤로 미루잔다

공수처 없는 검찰개혁은
껍데기 뿐인 속임수다
공수처법 막는자(놈자)들이
공수처법 해당되는 적폐들이…
RT @SgwgwQ: 미친년나경원 ""'공수처법 先협상' 주장은 조국 부활 시도하는 것"" 與제안 반발(속보) | 다음 뉴스 https://t.co/Evg4j0AweT
RT @daknews10: 황교안 대표 딱 들켰다... 66세 여성 농부의 일갈 

""황교안과 나경원과 자유한국당에게 죄를 묻겠다. 세비는 꼬박꼬박 받아 먹으면서 하라는 일은 안 하고밖으로만
싸돌아다니면서, 온갖 거짓선동으로 대통령을 모함하고 국민을…
RT @darunbooks: 조국 비난하던 나경원, 그를 둘러싼 자녀 의혹 7가지 | 다음뉴스 https://t.co/vimZwwnJbM

나베년 비리 조사하려면, 서울지검 특수부 다시 늘려야 하겠는데!
아니면 특검으로 가든가!
RT @SgwgwQ: 나베야
자네
딸
아들
비리나
걱정해라
나경원 ""文 대통령 딸 담당 윤 총경 부인 해외 파견? 혹시 딸 도우미로"" - 세계일보

https://t.co/2fBrE104h1
RT @BlueMoo49737441: #청와대 #국민 #청원
윤석열 총장을 처벌
-참여 : 481,076명
나경원 원내대표 각종 의혹에 대한 특검 요청
-참여 : 365,040명
전 언론의 세무조사를 명령
-참여 : 227,314명
국가인권위가 조국…
RT @jinhyung_pang: 조국 비난하던 나경원, 그를 둘러싼 자녀 의혹 7가지 

이 여자 의혹이야 너무 많아서 나열하기도 숨가쁘네

 https://t.co/D29KoFvmV4
RT @joonkleedr: 반헌법 인권유린/탄압 불법수사에 판사가 동조하여 정교수를 구속시키면 대한민국 사법부는 인권의 최후보루기관이 아니다. 인권이 무엇인지도 모르는 나경원이 판사였으니 사법부가 썩고 썩었던것 아닌가. 아래 두사람 나경원 황교안이…
RT @jinhyung_pang: 조국 비난하던 나경원, 그를 둘러싼 자녀 의혹 7가지 

이 여자 의혹이야 너무 많아서 나열하기도 숨가쁘네

 https://t.co/D29KoFvmV4
RT @seojuho: 조국 비난하던 나경원, 그를 둘러싼 자녀 의혹 7가지
[주장] 이게 다 '엄마 찬스' 아닌가.. 나경원 원내대표는 답해야 한다

#윤석열 #검찰총장 #나경원 #자유한국당_원내대표 #자녀의혹 #봐주기_하나요 #제대로_수사하라 h…
RT @ehdwn0: 최순실 18개 혐의 기소.
박그네 13개 혐의 기소.
정경심교수 11개 혐의로 기소.

사문서위조 혐의는
최순실 박그네도 있는
조서조차 없고
밝혀진 혐의까지 
모조리 기소.
끝까지 괴롭히겠다는것.

윤석열 사건 검찰 배당하여
신…
RT @starboat07: 나경원, 자녀 의혹 7가지 
⑥ 한국대표단 5명 중 4명 아들-딸-동생-조카 등 일가족 대표단
⑦미성년자 통장에 수천만원 예금
https://t.co/aba0bMWl5V
RT @Edward_B_Lee: 나경원 의원은 딸 김유나(26) 씨가 스페셜올림픽코리아에 지난 3년간 자격 없이 당연직 이사로 선임된 의혹 해명 바랍니다!

•SOK 정관에 규정된 당연직 이사는 5명뿐임
•선수 출신은 당연직 이사 아닌 이사로만 선임…
RT @SgwgwQ: 나베야
자네
딸
아들
비리나
걱정해라
나경원 ""文 대통령 딸 담당 윤 총경 부인 해외 파견? 혹시 딸 도우미로"" - 세계일보

https://t.co/2fBrE104h1
RT @Schalom1004: 의혹이 차서 넘치는걸 알면서도 검찰은 나경원을 비롯 자한당 범죄 혐의자들에게 유난히 관대한 관용을 배풀고 있습니다.그래서 그런지 이들은 갈수록 법 위에서 조롱하며 널뛰고 있는것 같습니다.

조국 비난하던 나경원, 그를…
RT @kDkGc6RUlrTqWkq: 나경원은 대답하라!

'이를 두고 서민들이 박탈감과 허탈함을 느꼈다고 하면 나경원 의원은 국민에게 뭐라고 할 것인가? 그것도 법을 전공한 판사를 엄마-아빠로 두고 있고, 법을 만드는 국회의원이 엄마인 상황에서 불…
RT @Huan38414910: 어쩌면.. 나경원과 말하는투가 똑같으냐..
억지에 어버버..  원인은 버퍼링걸리는거지.. 안좋은머리에다
명분도 없는 논리를 짜내면서 얘기해야하니까..ㅋㅋ https://t.co/wmJm7N97co
RT @Edward_B_Lee: 나경원 의원은 딸 김유나(26) 씨가 스페셜올림픽코리아에 지난 3년간 자격 없이 당연직 이사로 선임된 의혹 해명 바랍니다!

•SOK 정관에 규정된 당연직 이사는 5명뿐임
•선수 출신은 당연직 이사 아닌 이사로만 선임…
RT @csswook: 조국 비난하던 나경원, 그를 둘러싼 자녀 의혹 7가지 https://t.co/vocQhTtk5F 적반하장도 이정도는 아닙니다. 자한당 적폐집단과 검찰, 기레기들의 한 몸 한 통속이지만 철저히 밝혀내 처벌해야 합니다. #적폐청산…
RT @Edward_B_Lee: 나경원 의원은 딸 김유나(26) 씨가 스페셜올림픽코리아에 지난 3년간 자격 없이 당연직 이사로 선임된 의혹 해명 바랍니다!

•SOK 정관에 규정된 당연직 이사는 5명뿐임
•선수 출신은 당연직 이사 아닌 이사로만 선임…
RT @MoonElf_RTer: 일본농수산물, 가공식품 수입전면금지 

토착왜구자한당 매국노척살하고 국민건강 지켜야.

정부모독 망언하는 나경원 매국노잡(jap)년 당장 구속수사하고 처벌해야.

[단독]""日 오염수 바다 방류, 사실상 결정..시기만…
RT @Edward_B_Lee: 나경원 의원은 딸 김유나(26) 씨가 스페셜올림픽코리아에 지난 3년간 자격 없이 당연직 이사로 선임된 의혹 해명 바랍니다!

•SOK 정관에 규정된 당연직 이사는 5명뿐임
•선수 출신은 당연직 이사 아닌 이사로만 선임…
RT @happy_CSR: 조국 비난하던 나경원, 자녀 의혹 7가지
① 나경원 딸의 대입 부정 의혹
② 대학생 딸의 성적 특혜 의혹
③ 중학생 아들의 불법 해외 유학
④ 나경원 아들의 서울의대 실험실 사용과 제1저자 등재
⑤ 엄마는 회장, 딸은 당연…
RT @joonkleedr: 반헌법 인권유린/탄압 불법수사에 판사가 동조하여 정교수를 구속시키면 대한민국 사법부는 인권의 최후보루기관이 아니다. 인권이 무엇인지도 모르는 나경원이 판사였으니 사법부가 썩고 썩었던것 아닌가. 아래 두사람 나경원 황교안이…
RT @Schalom1004: 의혹이 차서 넘치는걸 알면서도 검찰은 나경원을 비롯 자한당 범죄 혐의자들에게 유난히 관대한 관용을 배풀고 있습니다.그래서 그런지 이들은 갈수록 법 위에서 조롱하며 널뛰고 있는것 같습니다.

조국 비난하던 나경원, 그를…
RT @Edward_B_Lee: 나경원 의원은 딸 김유나(26) 씨가 스페셜올림픽코리아에 지난 3년간 자격 없이 당연직 이사로 선임된 의혹 해명 바랍니다!

•SOK 정관에 규정된 당연직 이사는 5명뿐임
•선수 출신은 당연직 이사 아닌 이사로만 선임…
RT @hanjulnews: 조국 비난하던 나경원, 그를 둘러싼 자녀 의혹 7가지  https://t.co/sAu1Kz5M1I
RT @kDkGc6RUlrTqWkq: 나경원은 대답하라!

'이를 두고 서민들이 박탈감과 허탈함을 느꼈다고 하면 나경원 의원은 국민에게 뭐라고 할 것인가? 그것도 법을 전공한 판사를 엄마-아빠로 두고 있고, 법을 만드는 국회의원이 엄마인 상황에서 불…
RT @jaimepapa1204: 조국 비난하던 나경원, 그를 둘러싼 자녀 의혹 7가지 | 다음뉴스 https://t.co/YnRvVxbjPd
조국 가족의 10분의 1 만큼의 수사력과 인원동원, 수사시간, 보도량만 보여도 공정하다고 믿어줄께! 기레기…
조국 비난하던 나경원, 그를 둘러싼 자녀 의혹 7가지 | 다음뉴스 https://t.co/bBFsWGs63m
RT @starboat07: 나경원, 자녀 의혹 7가지 
⑥ 한국대표단 5명 중 4명 아들-딸-동생-조카 등 일가족 대표단
⑦미성년자 통장에 수천만원 예금
https://t.co/aba0bMWl5V
RT @ehdwn0: 최순실 18개 혐의 기소.
박그네 13개 혐의 기소.
정경심교수 11개 혐의로 기소.

사문서위조 혐의는
최순실 박그네도 있는
조서조차 없고
밝혀진 혐의까지 
모조리 기소.
끝까지 괴롭히겠다는것.

윤석열 사건 검찰 배당하여
신…
RT @kDkGc6RUlrTqWkq: 나경원은 대답하라!

'이를 두고 서민들이 박탈감과 허탈함을 느꼈다고 하면 나경원 의원은 국민에게 뭐라고 할 것인가? 그것도 법을 전공한 판사를 엄마-아빠로 두고 있고, 법을 만드는 국회의원이 엄마인 상황에서 불…
RT @happy_CSR: 조국 비난하던 나경원, 자녀 의혹 7가지
① 나경원 딸의 대입 부정 의혹
② 대학생 딸의 성적 특혜 의혹
③ 중학생 아들의 불법 해외 유학
④ 나경원 아들의 서울의대 실험실 사용과 제1저자 등재
⑤ 엄마는 회장, 딸은 당연…
RT @BlueMoo49737441: 시민단체 ""나경원 자녀 입시의혹..검찰 수사 촉구""
나 원내대표가 딸·아들 입시 과정에서 각각 성신여대와 미국 예일대의 입학 업무를 방해했다며 지난달 16일부터 세차례에 걸쳐 나 원내대표를 고발.
한달이 지나도…
RT @kDkGc6RUlrTqWkq: 나경원은 대답하라!

'이를 두고 서민들이 박탈감과 허탈함을 느꼈다고 하면 나경원 의원은 국민에게 뭐라고 할 것인가? 그것도 법을 전공한 판사를 엄마-아빠로 두고 있고, 법을 만드는 국회의원이 엄마인 상황에서 불…
RT @bleuchatte: 조국 비난하던 나경원, 그를 둘러싼 자녀 의혹 7가지
https://t.co/qMnAGk0ACC
이게 다 '엄마 찬스' 아닌가.. 나경원 원내대표는 답해야 한다

이건 범죄임!!
RT @3E465B: 친구랑 다이어트 10만원 내기 했다
각자 목표치 못 채우면 10만원 주는 거임
둘다 실패하면 나경원 의원실에 10만원씩 기부하기
RT @3E465B: 친구랑 다이어트 10만원 내기 했다
각자 목표치 못 채우면 10만원 주는 거임
둘다 실패하면 나경원 의원실에 10만원씩 기부하기
RT @SgwgwQ: 미친년나경원 ""'공수처법 先협상' 주장은 조국 부활 시도하는 것"" 與제안 반발(속보) | 다음 뉴스 https://t.co/Evg4j0AweT
RT @kDkGc6RUlrTqWkq: 나경원은 대답하라!

'이를 두고 서민들이 박탈감과 허탈함을 느꼈다고 하면 나경원 의원은 국민에게 뭐라고 할 것인가? 그것도 법을 전공한 판사를 엄마-아빠로 두고 있고, 법을 만드는 국회의원이 엄마인 상황에서 불…
RT @happy_CSR: 조국 비난하던 나경원, 자녀 의혹 7가지
① 나경원 딸의 대입 부정 의혹
② 대학생 딸의 성적 특혜 의혹
③ 중학생 아들의 불법 해외 유학
④ 나경원 아들의 서울의대 실험실 사용과 제1저자 등재
⑤ 엄마는 회장, 딸은 당연…
RT @joonkleedr: 반헌법 인권유린/탄압 불법수사에 판사가 동조하여 정교수를 구속시키면 대한민국 사법부는 인권의 최후보루기관이 아니다. 인권이 무엇인지도 모르는 나경원이 판사였으니 사법부가 썩고 썩었던것 아닌가. 아래 두사람 나경원 황교안이…
RT @Edward_B_Lee: 나경원 의원은 딸 김유나(26) 씨가 스페셜올림픽코리아에 지난 3년간 자격 없이 당연직 이사로 선임된 의혹 해명 바랍니다!

•SOK 정관에 규정된 당연직 이사는 5명뿐임
•선수 출신은 당연직 이사 아닌 이사로만 선임…
@d778450468 철저히  수사하라.. 나경원을  수사하라
RT @iamsunoo: 앞으로 한줌의 기준은 나경원이 언급했던 기준으로 하면 되겠다. 최소 300만을 한줌으로 기준 잡으면, 한줌 문파라고 했을 때 300만명 정도는 되는 거라 생각하면 되겠네.
RT @SCKlCYwdJMwseHM: 윤석열의 검찰아 국민들이 지켜보고 있다. 지금 너희가 법과 공권력을 가지고 얼마나 횡포를 부리며 정치질을 하고 있는지를!

조국 비난하던 나경원, 그를 둘러싼 자녀 의혹 7가지 https://t.co/oJcl0A…
RT @starboat07: 나경원, 자녀 의혹 7가지 
① 나경원 딸의 대입 부정 의혹
② 대학생 딸의 성적 특혜 의혹
③  중학생 아들의 불법 해외 유학
④ 나경원 아들의 서울의대 실험실 사용과 제1저자 등재
⑤ 엄마는 회장, 딸은 당연직 이사.…
RT @jinhyung_pang: 조국 비난하던 나경원, 그를 둘러싼 자녀 의혹 7가지 

이 여자 의혹이야 너무 많아서 나열하기도 숨가쁘네

 https://t.co/D29KoFvmV4
RT @Edward_B_Lee: 나경원 의원은 딸 김유나(26) 씨가 스페셜올림픽코리아에 지난 3년간 자격 없이 당연직 이사로 선임된 의혹 해명 바랍니다!

•SOK 정관에 규정된 당연직 이사는 5명뿐임
•선수 출신은 당연직 이사 아닌 이사로만 선임…
RT @santajune1326: 윤석렬은 압색하고 바로 수사에 들어가라....
사문서위조라면서 그렇게 압색을 했으니...

신동근 ""나경원 딸, 3년간 자격없이 SOK 당연직이사 권한 행사"" | 다음뉴스 https://t.co/UzytXK4nTH
RT @happy_CSR: 조국 비난하던 나경원, 자녀 의혹 7가지
① 나경원 딸의 대입 부정 의혹
② 대학생 딸의 성적 특혜 의혹
③ 중학생 아들의 불법 해외 유학
④ 나경원 아들의 서울의대 실험실 사용과 제1저자 등재
⑤ 엄마는 회장, 딸은 당연…
RT @happy_CSR: 조국 비난하던 나경원, 자녀 의혹 7가지
① 나경원 딸의 대입 부정 의혹
② 대학생 딸의 성적 특혜 의혹
③ 중학생 아들의 불법 해외 유학
④ 나경원 아들의 서울의대 실험실 사용과 제1저자 등재
⑤ 엄마는 회장, 딸은 당연…
RT @BlueMoo49737441: #청와대 #국민 #청원
윤석열 총장을 처벌
-참여 : 481,076명
나경원 원내대표 각종 의혹에 대한 특검 요청
-참여 : 365,040명
전 언론의 세무조사를 명령
-참여 : 227,314명
국가인권위가 조국…
RT @binmudum: 민주당 이종걸이 40년 친구 황교안 정면공격했다. 자유당은 '패악질'이라며 반발했다. 이종걸은 '삼성 떡값리스트' 사건 거론하고 ""공수처법은 리스트에 올랐지만 조사처벌받지 않은 황교안 검사 같은 사람을 조사하는 법""이라고 말…
RT @joonkleedr: 반헌법 인권유린/탄압 불법수사에 판사가 동조하여 정교수를 구속시키면 대한민국 사법부는 인권의 최후보루기관이 아니다. 인권이 무엇인지도 모르는 나경원이 판사였으니 사법부가 썩고 썩었던것 아닌가. 아래 두사람 나경원 황교안이…
신동근 ""나경원 딸, 3년간 자격없이 SOK 당연직이사 권한 행사"" | 다음뉴스 https://t.co/22aj9TvIOT
RT @OtvCtaJIiyfYyvB: 나경원 아들 논문 대신 쓴 서울대교수 직접 나경원 고발
https://t.co/hbDFnmCzAC https://t.co/AEAkdIfcug
RT @happy_CSR: 조국 비난하던 나경원, 자녀 의혹 7가지
① 나경원 딸의 대입 부정 의혹
② 대학생 딸의 성적 특혜 의혹
③ 중학생 아들의 불법 해외 유학
④ 나경원 아들의 서울의대 실험실 사용과 제1저자 등재
⑤ 엄마는 회장, 딸은 당연…
RT @keithusa365: 나경원아들 미국유학시 중학생이던
2011년
통장에 3천여만 원 예금

2019년 현재 미국유학중 대학생인 
김현조는 
1억1천만 원이 넘게 예금

한국에서도 사립초등학교를 졸업한 

김현조가 다닌 중고등학교는 
미국에서…
RT @happy_CSR: 조국 비난하던 나경원, 자녀 의혹 7가지
① 나경원 딸의 대입 부정 의혹
② 대학생 딸의 성적 특혜 의혹
③ 중학생 아들의 불법 해외 유학
④ 나경원 아들의 서울의대 실험실 사용과 제1저자 등재
⑤ 엄마는 회장, 딸은 당연…
"
DAUM,이승우,5,Twitter,1,,"이승우 얘는 축구선수 그만둬야겠네 기껏 간 벨기에리그에서 태도불성실해서 훈련도중에 쫓겨나다니ㅋㅋㅋㅋㅋㅋㅋㄱㄲㅋㅋㄱ 내가 왜 다 창피하냐;; 인성은 뭐,,, 예전부터 잘 알았고
""잔머리 굴려 지금?""..이승우에게, 신태용 감독이 했던 말
https://t.co/vUkxPBZ0dR
벨기에 일간지, ""이승우 불성실한 태도로 훈련 중 쫓겨나""
@alYaR2zTZtdmdan 최근에는 훈련 도중 매트를 깔고 잠든 이승우의 모습이 팀 동료에 의해 공개되기도 했다.
@udkgxaPqXAX1YgC 이밖에도 이승우는 훈련 도중 손흥민에게 장난을 걸다가 '놀러왔냐'는 핀잔을 받았던 바 있다.
@mkg5SLj2JxtB7sj 체력 강화 훈련 도중 신 감독이 이승우를 향해 '잔머리 굴려 지금.
@xvZdhGwaxQzna1Z 또 이승우는 2018 러시아 월드컵을 앞두고 훈련 도중 불성실한 태도를 보여 신태용 전 감독에게 지적 받았다.
@Ku5tqkuAaO5WzgL 앞선 11월 국민일보와의 인터뷰에서는 이승우의 기량을 묻는 질문에 '본인도 아시아에서는 통할지 몰라도 세계 무대는 다르다는 걸 분명히 느꼈을 것'이라며 '한국 지도자가 봤을 때… https://t.co/frIpDvA00E
@LOmOL2kUCoBGzv4 최진철 감독은 2015 칠레 17세 이하(U-17) 월드컵을 마친 뒤 12월 대한축구협회가 마련한 기술 세미나에서 이승우를 겨냥하는 듯한 발언을 했다.
@PMG6IAccPhPx8XC 사실 이승우의 불성실한 태도는 과거부터 꾸준히 지적돼 왔다.
@iFHcmLXPd4qVDcg 매체는 이승우가 '몸값'을 못하고 있다며 혹평했다.
@iFHcmLXPd4qVDcg 20일(한국시간) 벨기에 매체 '보에트발벨기에'에 따르면 이승우는 최근 불성실한 태도를 보여 훈련 도중 라커룸으로 쫓겨났다.
@DVpPpCXbPJpHs70 최근에는 훈련 도중 매트를 깔고 잠든 이승우의 모습이 팀 동료에 의해 공개되기도 했다.
@dXLaCAuglfgDkvq 이밖에도 이승우는 훈련 도중 손흥민에게 장난을 걸다가 '놀러왔냐'는 핀잔을 받았던 바 있다.
@MGM23542377 체력 강화 훈련 도중 신 감독이 이승우를 향해 '잔머리 굴려 지금.
@QofChxZFtif4EK8 또 이승우는 2018 러시아 월드컵을 앞두고 훈련 도중 불성실한 태도를 보여 신태용 전 감독에게 지적 받았다.
@SMU4TuOAPvmXmWo 앞선 11월 국민일보와의 인터뷰에서는 이승우의 기량을 묻는 질문에 '본인도 아시아에서는 통할지 몰라도 세계 무대는 다르다는 걸 분명히 느꼈을 것'이라며 '한국 지도자가 봤을 때… https://t.co/sumJQg4k8c
'아직은' 유망주 이강인, '아직도' 유망주 이승우 (출처 : 오마이뉴스 | 네이버 스포츠) https://t.co/7FRoq4q1Af
@alYaR2zTZtdmdan 최진철 감독은 2015 칠레 17세 이하(U-17) 월드컵을 마친 뒤 12월 대한축구협회가 마련한 기술 세미나에서 이승우를 겨냥하는 듯한 발언을 했다.
@udkgxaPqXAX1YgC 20일(한국시간) 벨기에 매체 '보에트발벨기에'에 따르면 이승우는 최근 불성실한 태도를 보여 훈련 도중 라커룸으로 쫓겨났다.
RT @SBS8news: [#스브스타] 벨기에 매체 ""이승우, 불성실한 태도로 훈련에서 제외"" #SBS #SBSNEWS #스포츠뉴스 #스브스타  https://t.co/NwH3mfsnbi
@Rk4huwCLc1vm2Rr 리그가 11라운드로 접어든 현재 이승우는 한차례도 경기에 출전하지 못하고 있다.
@EVKAREfd0uWJSbd 이승우는 이적료 16억원을 기록하며 벨기에 구단인 신트트라위던으로 무대를 옮겼다.
@ALui0yZBM8H9BDC 또 이승우는 구단에서 불성실한 태도로 훈련 도중 퇴출당하기도 한 것으로 전해졌다.
@2SKwngYrurVQ9RI 바르셀로나에서 훈련을 받은 것이 성공의 보증 수표는 될 수 없다”며 “이승우는 과거에 얽매여 살고 있다”고 보도했다.
@n9cGA8HUHjTQtJe 벨기에 매체 ‘보레트발 벨기에’는 20일(한국시간) “신트트라위던 구단은 이승우 때문에 골머리를 앓고 있다.
@sdferw3 최진철 감독의 당시 인터뷰는 온라인 커뮤니티에 확산되며 이승우의 ‘멘탈’ 역시 입방아에 올랐다.
@bertert6 최진철 감독의 인터뷰가 재조명된 이유는 이승우의 훈련 태도가 현지 언론 보도로 지적됐기 때문이다.
@Wh7r4hYfZ7beN2H 이밖에도 최진철 감독은 2015년 11월 국민일보와의 인터뷰에서 이승우의 기량을 묻는 말에 “본인도 아시아에서는 통할지 몰라도 세계 무대는 다르다는 걸 분명히 느꼈을 것”이라며… https://t.co/ti1LuVFtK9
@mhira82165647 사실상 이승우를 겨냥한 발언으로 보인다.
@FgwexZ 이 경기에서 투톱으로 나선 이승우는 찬스를 만들지 못했고 패널티킥을 실축했다.
@gfsdfsd6 최진철 감독은 2015 칠레 U-17 월드컵을 마친 뒤 그해 12월 대한축구협회가 마련한 기술 세미나에서 이승우를 지적하는 발언을 했다.
@gfsdfsd6 벨기에 언론이 이승우(21·신트트라위던)의 불성실함을 지적하자 최진철 감독(48)의 과거 발언이 수면 위로 떠올랐다.
이승우는 이 분을 본받아야한다 https://t.co/X9F4FNKcGr
RT @SBS8news: [#스브스타] 벨기에 매체 ""이승우, 불성실한 태도로 훈련에서 제외"" #SBS #SBSNEWS #스포츠뉴스 #스브스타  https://t.co/NwH3mfsnbi
RT @Adorable_Sojung: ＂이승우, 불성실한 태도로 훈련 중 쫓겨나. 팀에 손실＂ 벨기에 매체 일침 (출처 : 인터풋볼 | 네이버 스포츠) https://t.co/yPqWdsV9bQ
'뛰지 못하는 이승우' 벨기에 매체의 태도 지적  #오늘의뉴스 #스포츠건강 #노컷뉴스 https://t.co/goRnIQg6zt
'아직은' 유망주 이강인, '아직도' 유망주 이승우 #이강인 #유망주 #이승우 #벤투호 https://t.co/6hKE5qh78G 이준목 기자
RT @YTN24: 벨기에 매체, 이승우 훈련 태도 지적...""1분도 출전 못해""
https://t.co/5Ar1GXewc6
그렇게 왔다, 사랑은. 마치 눈에 띄지 않은 사이에 꽃봉오리가 벌어지듯이, 그렇게 천천히. 사랑이었을까, 그것이. 그러나 사랑이 아니라면 그것이 무엇이란 말인가. _이승우 &lt;식물들의 사생활&gt; 문학동네 한국문학전집
이승우 훈련 태도논란 https://t.co/2Q7U0c5tJ5
이강인 습관성 거친 백태클
이승우 습관성 훈련 불성실

이런 소식도 많이 알려져야, 선수들이 별할 수 있을 든

(물론 변할 것 같지는 않지만)
곧 국내리그 에서 볼수있겠다.
벨기에로 떠난 이승우, 불성실로 개업휴업 중?
출처 : 네이버 스포츠 | 뉴시스
 https://t.co/iIcFAJPgDP
이승우 데뷔전 또 불발…벨기에 이적 두달째 ‘감감’ https://t.co/iTI9jNOuvB
이승우는 좋은소식이 1도없네
RT @YTN24: 벨기에 매체, 이승우 훈련 태도 지적...""1분도 출전 못해""
https://t.co/5Ar1GXewc6
RT @SBS8news: [#스브스타] 벨기에 매체 ""이승우, 불성실한 태도로 훈련에서 제외"" #SBS #SBSNEWS #스포츠뉴스 #스브스타  https://t.co/NwH3mfsnbi
이승우는 그냥 축구 접고 유튜브하는게 어떨까
RT @SBS8news: [#스브스타] 벨기에 매체 ""이승우, 불성실한 태도로 훈련에서 제외"" #SBS #SBSNEWS #스포츠뉴스 #스브스타  https://t.co/NwH3mfsnbi
@stvv 진짜 이럴 거면 이승우 왜 영입했냐ㅋㅋㅋㅋ
RT @1KCherryBlossom: [VoetbalBelgie] 신트 트라위던은 이승우 문제를 겪고 있다. https://t.co/vjXf3MuLov
RT @jms3541: #이승우

내가 이승우를 좋아하는 건 아닌데 
인터풋볼 이명수 이 개색히야
이런 얘기는 이승우의 의견을 물어보는 척이라도 하고 기사를 써야지 색히야
반드시 양쪽 의견을 들어봐야하는 내용이잖아? 
일본인 구단주하고 짜고 이승우…
RT @SBS8news: [#스브스타] 벨기에 매체 ""이승우, 불성실한 태도로 훈련에서 제외"" #SBS #SBSNEWS #스포츠뉴스 #스브스타  https://t.co/NwH3mfsnbi
RT @SBS8news: [#스브스타] 벨기에 매체 ""이승우, 불성실한 태도로 훈련에서 제외"" #SBS #SBSNEWS #스포츠뉴스 #스브스타  https://t.co/NwH3mfsnbi
진짜 큰일이다..

#신트트라위던 #이승우 #명단제외
https://t.co/j25cSgfBgJ
[스브스타] 벨기에 매체 ＂이승우, 불성실한 태도로 훈련에서 제외＂ (출처 : SBS | 네이버 스포츠) https://t.co/48pNAZMzxu

이 놈은 국대 때도 자신을 기용하지 않는다고 물병을 던지… https://t.co/Dx2qJWvSxc
RT @SBS8news: [#스브스타] 벨기에 매체 ""이승우, 불성실한 태도로 훈련에서 제외"" #SBS #SBSNEWS #스포츠뉴스 #스브스타  https://t.co/NwH3mfsnbi
[#스브스타] 벨기에 매체 ""이승우, 불성실한 태도로 훈련에서 제외"" #SBS #SBSNEWS #스포츠뉴스 #스브스타  https://t.co/NwH3mfsnbi
RT @YTN24: 벨기에 매체, 이승우 훈련 태도 지적...""1분도 출전 못해""
https://t.co/5Ar1GXewc6
RT @Adorable_Sojung: ＂이승우, 불성실한 태도로 훈련 중 쫓겨나. 팀에 손실＂ 벨기에 매체 일침 (출처 : 인터풋볼 | 네이버 스포츠) https://t.co/yPqWdsV9bQ
벨기에 언론, 이승우 훈련 태도 지적…데뷔 미뤄진 이유인가 (출처 : 스포탈코리아 | 네이버 스포츠) https://t.co/mInbwFTms1

얘랑 🐷불백이 뭔 상관이길래 댓글 상태가 이럼...
RT @1KCherryBlossom: [VoetbalBelgie] 신트 트라위던은 이승우 문제를 겪고 있다. https://t.co/vjXf3MuLov
RT @Adorable_Sojung: ＂이승우, 불성실한 태도로 훈련 중 쫓겨나. 팀에 손실＂ 벨기에 매체 일침 (출처 : 인터풋볼 | 네이버 스포츠) https://t.co/yPqWdsV9bQ
승우야  성질좀 죽여가며 해라
축구는 너 혼자하는게 아니다. [이승우 데뷔전 또 불발…벨기에 이적 두달째 ‘감감’] https://t.co/ONrjGPVFyc
베트남 언론마저 “이승우, 콩푸엉과 같은 운명” (출처 : 스포탈코리아 | 네이버 스포츠) https://t.co/BHNp5kGllX
위기의 이승우…“훈련 중 라커룸으로 쫒겨났다” 현지 매체 보도 (출처 : 국민일보 | 네이버 스포츠) https://t.co/Wzb8F5JHS8
RT @hanitweet: 이승우, ‘훈련 불성실’ 논란...데뷔 미뤄진 이유일까
https://t.co/5oNhZO7Oqa https://t.co/AwGZd6IloC
RT @hanitweet: 이승우, ‘훈련 불성실’ 논란...데뷔 미뤄진 이유일까
https://t.co/5oNhZO7Oqa https://t.co/AwGZd6IloC
이승우, ‘훈련 불성실’ 논란...데뷔 미뤄진 이유일까
https://t.co/5oNhZO7Oqa https://t.co/AwGZd6IloC
이승우 기사보니까 생각나는건데 장결희는 그럼 포항 1군 게임은 한번도 못나온거야?
RT @YTN24: 벨기에 매체, 이승우 훈련 태도 지적...""1분도 출전 못해""
https://t.co/5Ar1GXewc6
[VoetbalBelgie] 신트 트라위던은 이승우 문제를 겪고 있다. https://t.co/vjXf3MuLov
벨기에 매체가 이승우의 '불성실한 태도'를 지적했다 https://t.co/SfivNJ2Ud9 https://t.co/s0Dn4AWCEz
RT @YTN24: 벨기에 매체, 이승우 훈련 태도 지적...""1분도 출전 못해""
https://t.co/5Ar1GXewc6
위기의 이승우…“훈련 중 라커룸으로 쫒겨났다” 현지 매체 보도 
https://t.co/tCbKT0BjWr
RT @YTN24: 벨기에 매체, 이승우 훈련 태도 지적...""1분도 출전 못해""
https://t.co/5Ar1GXewc6
RT @HuffPostKorea: 벨기에 매체가 이승우의 '불성실한 태도'를 지적했다 https://t.co/dSiABtCkJI https://t.co/5IA1C2sl9X
이승우 데뷔전 연기에 태도 지적하는 벨기에 현지 매체 https://t.co/SW7hScJgDc
벨기에 언론, 이승우 훈련 태도 지적…데뷔 미뤄진 이유인가 (출처 : 스포탈코리아 | 네이버 스포츠) https://t.co/HKwCYVR0qQ
RT @YTN24: 벨기에 매체, 이승우 훈련 태도 지적...""1분도 출전 못해""
https://t.co/5Ar1GXewc6
#이승우 향해 벨기에 언론 ""바르사 출신이 성공 보장하는 것 아냐"" https://t.co/QRYNrroM5I https://t.co/QRYNrroM5I
RT @YTN24: 벨기에 매체, 이승우 훈련 태도 지적...""1분도 출전 못해""
https://t.co/5Ar1GXewc6
이승우 기사는 사실인가 찌라시인가
벨기에 매체, 이승우 훈련 태도 지적...""1분도 출전 못해""
https://t.co/5Ar1GXewc6
RT @wikitree: 헐 ㅠㅠ https://t.co/l54tJ0Vhkb #이승우 #벨기에 #신트트라위던
""이승우, 불성실한 태도로 훈련 중 쫓겨나. 팀에 손실"" 벨기에 매체 일침
https://t.co/p3nfeABBlm
우승후보 브라질을 격파, 이승우 선발 위태롭던 시절 ● U17 대한민국 vs 브라질 ● 하이라이트 https://t.co/fR4nh4X7lg
'뛰지 못하는 이승우' 벨기에 매체의 태도 지적
https://t.co/IVZKMGfadE
[이승우] 이승우 벨기에 데뷔전 출전 불발 이유…벨기에 언론, 태도 논란 제기. https://t.co/MBFapDrtZt
RT @HuffPostKorea: 벨기에 매체가 이승우의 '불성실한 태도'를 지적했다 https://t.co/dSiABtCkJI https://t.co/5IA1C2sl9X
벨기에 매체가 이승우의 '불성실한 태도'를 지적했다 https://t.co/dSiABtCkJI https://t.co/5IA1C2sl9X
저 위에 물병 차고 수건 던진건 손흥민도 했다 하지만 그 당시에만 그랬지 더이상 그러지 않음 근데 이승우는 꾸준히 안좋은 모습만 보이고 있음 미래가 어떻게 될ㅈ 정말 궁금하네,,
이승우 경기 이적 불성실한 훈련태도? https://t.co/2Q7U0c5tJ5
벨기에 언론, 이승우 훈련 태도 지적…데뷔 미뤄진 이유인가 (출처 : 스포탈코리아 | 네이버 스포츠) https://t.co/YBvAx8HaLG

게으른 우리후
[HI★뭐하세요?] 고소영, 캠핑하는 모습도 ‘화보’ (출처 : 저축은행상.. | https://t.co/Ly7e3eL3yW 블로그)

1 플로이사프로모션
2 세리번나이트 오늘만 반값
3 세리번 나이트
4… https://t.co/GBD3EJN0Nl
이승우 경기 신트트라위던 불성실한 태도? 
https://t.co/2Q7U0c5tJ5
이승우 경기 신트트라위던 불성실한 태도? https://t.co/2Q7U0c5tJ5
헐 ㅠㅠ https://t.co/l54tJ0Vhkb #이승우 #벨기에 #신트트라위던
“바르셀로나 유스 출신이라고 해서 성공을 보장할 수 없다. 바르셀로나에서 6시즌을 보낸 후 베로나로 향했다. 베로나에서 2시즌 후 그는 벨기에 리그에 왔다. 신트트라위던은 재정적인 노력을 기울였다. 하지만 이승우는 너무 과거에 갇혀 사는 것 같다”
RT @Jebichuriii: ""이승우, 불성실한 태도로 훈련 중 쫓겨나. 팀에 손실"" 벨기에 매체 일침 : 네이트뉴스 https://t.co/hzA3iavLli
벨기에 매체 `보에트발벨기에`는 20일(한국시간) ""이승우는 불성실한 태도로 훈련 도중 라커룸으로 쫓겨났다. 신트트라위던은 이승우를 위해 120만 유로를 투자했다. 하지만 그는 한 차례도 뛰지 못했다""고 보… https://t.co/fLPJwGq43e
"
DAUM,성현아,6,Twitter,1,,"성현아 잘지내고있어?
성현의 웃는 얼굴 보고싶다~ 
#김성현 #성현 https://t.co/aAM3JPV3IT
[데일리메일]성현아“700만원 전 재산➷선풍기 한 대로 아들과 폭염 견뎌” (출처 : ohmydailym.. | https://t.co/KB5oK52yV2 블로그) https://t.co/FmsTBeTksL
성현아 생활고 고백 걱정되는 이유 https://t.co/CwsYoKI8AU
[데일리메일]성현아“700만원 전 재산➷선풍기 한 대로 아들과 폭염 견뎌” https://t.co/y9NqjQRof7
RT @SBS8news: ""전 재산 700만 원""…'밥은먹고다니냐' 싱글맘 성현아, 과거 생활고 고백 '눈물' #SBS #SBSNEWS #방송_연예뉴스  https://t.co/Ma5HmUTZkC
""전 재산 700만 원""…'밥은먹고다니냐' 싱글맘 성현아, 과거 생활고 고백 '눈물' #SBS #SBSNEWS #방송_연예뉴스  https://t.co/Ma5HmUTZkC
@BSH_HRA 나 꿀밤 별로 안좋아해 성현아.(단호...워워 넣어둬.. 네 주 머니에 손을 넣어준다.)맛있는거야 사서 놀러가면 되잖아? 치킨 좋아하냐?
@dkqtod 성현아.........................
성현이 이능력au설정풀어주세요............
누ㅜ구ㅜ 계연캐ㅏㄱ 이렇게ㅜ예쁘죠?????????? ㅠㅜㅠㅜㅠㅜㅜㅜㅜㅠㅠㅜ성현아ㅠㅜㅠ
아이고 방성현 에펙대회하는데 응원도 못하고 자야해.. 성현아 파이팅 다 죽여버리고 돈 벌어
성현아아아악
@dkqtod 아,,
아?ㅠ
ㅋ
ㅠ
ㅠ
ㅠ아아…..
성현아……………………………..제후배가잇잔아요……..나참….ㅠ(가슴퍽퍽…….. 더 아껴줫어야햇는데 아껴주기도 전에 좀비 되고 이게 무슨일이지?ㅠ아아 색연님… https://t.co/VGsg2Qf1Nc
@dkqtod 성현이ㅣ가요? 인정이랍니다ㅜㅜㅜㅜㅜ성현아...(안고누움
@dkqtod 오너님 성현이 정말정말x324너무 귀여운 후배엿어요 흑흑 성현아 나중에 형 보러 와줄거지?,,,,,,(그윽) 앞으로 이쪽에서두 잘부탁드려요~~~~~~~~~~~~~~~~~
RT @08181001_: @herberherber82 성현아. 할미들은 말이야. 성현이가 돌 필요하다 그러면 즈어기~~ 제주에 잇는 하라방들도 데려다 줄 수 있어요! https://t.co/vNq0r2oWOU
@herberherber82 성현아. 할미들은 말이야. 성현이가 돌 필요하다 그러면 즈어기~~ 제주에 잇는 하라방들도 데려다 줄 수 있어요! https://t.co/vNq0r2oWOU
@08181001_ 성현아 돌 필요하면 말하지 할미가 구해다 줄 수 있는데 ㅎrOL...... 🧨🧨🎉🎉 행복하게 살려무나
갈읍혜가 방성현한테 성현아 하는거 왜이렇게 좋냐고..
화이 성현이 누나라고 부른다며 떡칠때는 성현아라고 부른다며
이헌은
어
뭐라구 부르지?
사냥의 시간 아직도 후반 작업중으로 뜨네. 성현아 뭘 찍은겨...
카쪼퓨 최애영상... 왕의길에서 계속 카퓨가 ""성현아"" 하고 부르는거 ㄹㅇ 웃음지뢰고 애교떠는 방성현 넘 귀여워... 카쪼퓨 사랑해
https://t.co/nznETDdrKl
@M_Dangdong 으응 애옹... -솔, 저녁 먹을래?
자... -가온, 성현아. 몸은 어때?
나랑 싸우기라도 할 거야, 성현아?
#아이비슬림다이어트가격 아이비슬림다이어트후기   성현아다이어트  성현아다이어트후기 https://t.co/Y7hWJ1S5Nk https://t.co/Jvd57lJev5
RT @sukkyanenSH: 그냥 성현이의 웃는얼굴이 보고싶다... 
그거 뿐이야... 
성현아 행복하자😊

#성현 #sunghyun #김성현 #KIMSUNGHYUN https://t.co/3GnI6pYAlA
푸푸몬 우리 사../닥쳐 성현아
유환아 성현아 너희의 사랑은 너무 아프고 아름답다 이놈들아 ㅠㅠ 어매 울어 ㅠㅠ 서로의 구원같은 놈들아 ㅠㅠ
RT @sukkyanenSH: 그냥 성현이의 웃는얼굴이 보고싶다... 
그거 뿐이야... 
성현아 행복하자😊

#성현 #sunghyun #김성현 #KIMSUNGHYUN https://t.co/3GnI6pYAlA
성현아 12시 도착각인데 놀아주냐
…결정해야 해, 성현아. 오늘이 가게 둘 순 없어. 난 네가 눈뜨지 않는 세계는 필요 없으니까.
RT @soonbin_0: 앗 이러지마 성현아 나 심장 아퍼 https://t.co/eVNSLklbpE
RT @han_1207gyul: 성현아 아이돌그만두고싶다고할정도로
#PD수첩_김성현_위약금_무효화
힘들었을텐데 지금알아서 미안해 정말
RT @9S031S: 김성현영원히응원할거야 #PD수첩_김성현_위약금_무효화 사랑해성현아아주많이 https://t.co/GeeRTBzzWH
RT @ksh_0316_mp4: 새벽에 보고싶어서💦 뒤적거리다가.. :-) 거듭 감사하다고 하면서 포스트잇 하나하나 읽고 눈에 팬들 담아가려던 예쁜 모습이 아직도 아른아른ㅠㅡㅠ 많은 사람들이 응원한다는 거 잊지 말고, 왕크니까 왕귀여운 성혀니 추석…
허성현 라방에서 철권사준다니까 댓글 안보다가 나인거 보고 극구거부함,,,난 진짜 사줄거같데,,,성현아 기다려봐 돈벌어올게,,,
@M_Dangdong 으응... -솔, 수현이의 숨통을 트는 주문도 추가로 걸어준다.
성현아. -가온, 몸은 어때?
RT @4FNFW2DaOOb65hA: 성현아잘될거야나도조금이나마힘보탤게
#PD수첩_김성현_위약금_무효화
많은사람들이동참해주셨으면좋겠다진짜
홍삼은 제발 꾸준히 먹어라ㅠㅠㅠ성현아,,,내가 너땜시 홍삼도 사본다,,,
RT @sk__vvv5: 15년도에 첨 솩코구 입문햇는데 생각해보니 올해처럼 과몰입한 해는 없엇던거같네 ㅋㅋㅋㅋㅠ 성현이 공떨군것도봣지만 어찌됏든 성현아 오늘 실책 안해줘서 고맙다,,,.,,~~ 에휴존나울엇지만 또 솩 야구볼 나를 알아... 내년에보…
RT @sukkyanenSH: 그냥 성현이의 웃는얼굴이 보고싶다... 
그거 뿐이야... 
성현아 행복하자😊

#성현 #sunghyun #김성현 #KIMSUNGHYUN https://t.co/3GnI6pYAlA
RT @sukkyanenSH: 그냥 성현이의 웃는얼굴이 보고싶다... 
그거 뿐이야... 
성현아 행복하자😊

#성현 #sunghyun #김성현 #KIMSUNGHYUN https://t.co/3GnI6pYAlA
RT @sk__vvv5: 15년도에 첨 솩코구 입문햇는데 생각해보니 올해처럼 과몰입한 해는 없엇던거같네 ㅋㅋㅋㅋㅠ 성현이 공떨군것도봣지만 어찌됏든 성현아 오늘 실책 안해줘서 고맙다,,,.,,~~ 에휴존나울엇지만 또 솩 야구볼 나를 알아... 내년에보…
우야! 성현아!
15년도에 첨 솩코구 입문햇는데 생각해보니 올해처럼 과몰입한 해는 없엇던거같네 ㅋㅋㅋㅋㅠ 성현이 공떨군것도봣지만 어찌됏든 성현아 오늘 실책 안해줘서 고맙다,,,.,,~~ 에휴존나울엇지만 또 솩 야구볼 나를 알아... 내년에보자ㅜㅁㅜ🥺🥺
성현아 잘 지내지
성현아 진짜 수고햇다ㅜ시발....
RT @SK_dub620: 성현아 수고했어
성현아 수고했어
+ 성현아 수고했어 언제나 응원해🙏🏻
☛☎Magic리얼섹파닷컴.☎☎홈:KBB22. C0 M.☎남성전용섹파천국☎  ✒✉✔☎김연정담당자카톡:y6567  선톡☎✔ #전현아 #고현아 #허현아 #남현아 #임현아 #차현아 #문현아 #손현아 #배현아… https://t.co/n8et6hDXZd
RT @sukkyanenSH: 2019/10/13
from 송윤형  instagram

성현아~😭
보고싶었어...

https://t.co/f7wmZtAkhB

#성현 #sunghyun #김성현 #KIMSUNGHYUN https://t.co/TR5H…
@M_Dangdong 후후훗... -솔, 볼 부비
저... 몸은 괜찮으세요? -시안, 성현아. 괜찮아?
성현아ㅜㅜ잘해써
아니 성현아;; 면허 며칠을 미루는 거니..?
성현아잘햇다리...ㅜ
RT @sukkyanenSH: 그냥 성현이의 웃는얼굴이 보고싶다... 
그거 뿐이야... 
성현아 행복하자😊

#성현 #sunghyun #김성현 #KIMSUNGHYUN https://t.co/3GnI6pYAlA
성현아
네 선택이라면 뭐든 존중하고 따를게
부디 네가 행복하길 바래
RT @sukkyanenSH: 그냥 성현이의 웃는얼굴이 보고싶다... 
그거 뿐이야... 
성현아 행복하자😊

#성현 #sunghyun #김성현 #KIMSUNGHYUN https://t.co/3GnI6pYAlA
RT @sukkyanenSH: 그냥 성현이의 웃는얼굴이 보고싶다... 
그거 뿐이야... 
성현아 행복하자😊

#성현 #sunghyun #김성현 #KIMSUNGHYUN https://t.co/3GnI6pYAlA
RT @h631526: @5wol0528 ㅋㅋㅋㅋㅋㅋㅋㅋㅋㅋㅋㅋㅋㅋㅋㅋㅋㅋㅋㅋㅋ아싸!! 성현아 스타일링 힘조! 한줌단 벗어나자!
성현아 준익아...
잘하자
@5wol0528 ㅋㅋㅋㅋㅋㅋㅋㅋㅋㅋㅋㅋㅋㅋㅋㅋㅋㅋㅋㅋㅋ아싸!! 성현아 스타일링 힘조! 한줌단 벗어나자!
RT @sukkyanenSH: 그냥 성현이의 웃는얼굴이 보고싶다... 
그거 뿐이야... 
성현아 행복하자😊

#성현 #sunghyun #김성현 #KIMSUNGHYUN https://t.co/3GnI6pYAlA
엉엉 성현아 보고싶다ㅠㅜㅠㅜㅜㅜㅜㅜㅠㅠㅠ
월간변성현 해조라
@M_Dangdong 괜찮아? -가온, 성현아. 괜찮아?
으응... 헤헷. -솔, 쓰담쓰담
성현아 보고싶다
RT @sukkyanenSH: 그냥 성현이의 웃는얼굴이 보고싶다... 
그거 뿐이야... 
성현아 행복하자😊

#성현 #sunghyun #김성현 #KIMSUNGHYUN https://t.co/3GnI6pYAlA
RT @sukkyanenSH: 그냥 성현이의 웃는얼굴이 보고싶다... 
그거 뿐이야... 
성현아 행복하자😊

#성현 #sunghyun #김성현 #KIMSUNGHYUN https://t.co/3GnI6pYAlA
RT @sukkyanenSH: 그냥 성현이의 웃는얼굴이 보고싶다... 
그거 뿐이야... 
성현아 행복하자😊

#성현 #sunghyun #김성현 #KIMSUNGHYUN https://t.co/3GnI6pYAlA
RT @sukkyanenSH: 그냥 성현이의 웃는얼굴이 보고싶다... 
그거 뿐이야... 
성현아 행복하자😊

#성현 #sunghyun #김성현 #KIMSUNGHYUN https://t.co/3GnI6pYAlA
RT @Seonghyeon_101: 성현아
네가 행복하기를 바래 진심으로
RT @sukkyanenSH: 그냥 성현이의 웃는얼굴이 보고싶다... 
그거 뿐이야... 
성현아 행복하자😊

#성현 #sunghyun #김성현 #KIMSUNGHYUN https://t.co/3GnI6pYAlA
RT @IN2U_Y: 성현아사랑해이제는행복만 #PD수첩_김성현_위약금_무효화
하자너의빛나는미래를응원할게 https://t.co/zMbxFi0pgx
RT @sukkyanenSH: 그냥 성현이의 웃는얼굴이 보고싶다... 
그거 뿐이야... 
성현아 행복하자😊

#성현 #sunghyun #김성현 #KIMSUNGHYUN https://t.co/3GnI6pYAlA
RT @Uppermost_0316: 여러분의도움이필요합니다 #PD수첩_김성현_위약금_무효화 성현아외롭지않게곁을지킬게 https://t.co/e7hzVMtltj
RT @sukkyanenSH: 그냥 성현이의 웃는얼굴이 보고싶다... 
그거 뿐이야... 
성현아 행복하자😊

#성현 #sunghyun #김성현 #KIMSUNGHYUN https://t.co/3GnI6pYAlA
RT @protectksh: 성현아정말미안해그동안몰랐어
#PD수첩_김성현_위약금_무효화
성현이붙잡지말고얼른놔줘라
RT @sukkyanenSH: 그냥 성현이의 웃는얼굴이 보고싶다... 
그거 뿐이야... 
성현아 행복하자😊

#성현 #sunghyun #김성현 #KIMSUNGHYUN https://t.co/3GnI6pYAlA
RT @sukkyanenSH: 그냥 성현이의 웃는얼굴이 보고싶다... 
그거 뿐이야... 
성현아 행복하자😊

#성현 #sunghyun #김성현 #KIMSUNGHYUN https://t.co/3GnI6pYAlA
RT @sukkyanenSH: 그냥 성현이의 웃는얼굴이 보고싶다... 
그거 뿐이야... 
성현아 행복하자😊

#성현 #sunghyun #김성현 #KIMSUNGHYUN https://t.co/3GnI6pYAlA
RT @sukkyanenSH: 그냥 성현이의 웃는얼굴이 보고싶다... 
그거 뿐이야... 
성현아 행복하자😊

#성현 #sunghyun #김성현 #KIMSUNGHYUN https://t.co/3GnI6pYAlA
성현아 너 할 일도 없으면서 왜 회사에 붙어있니 너 진짜 가정 없냐 좀 가라 제발 ㅠ
RT @sukkyanenSH: 그냥 성현이의 웃는얼굴이 보고싶다... 
그거 뿐이야... 
성현아 행복하자😊

#성현 #sunghyun #김성현 #KIMSUNGHYUN https://t.co/3GnI6pYAlA
RT @milkypacking: 마지막기회라고말하면서너는무슨생각을했을까 #PD수첩_김성현_위약금_무효화 아이돌을하지않더라도그냥행복했으면좋겠어성현아
성현아 너는 왜 집에 안가고 나 괴롭히니 ??
성현아 넌 가정도 없니 집 좀 가라
"
DAUM,신주아,7,Twitter,1,,"신주아, 재벌 2세+꽃미남 남편..네티즌 ""복 터졌네""
@cozyboy_sia 안야 오전아홉신주아랏는대 오후드라구 열두시간잣서
"
DAUM,안산대학교,8,Twitter,1,,"인근에 저의 부역명으로도 쓰이는 안산대학교(구 안산1대학)가 있으며, 제 남쪽으로 아파트와 단독주택이 같이 있는 거주지역인 본오동이 있어 이 쪽 주민들이 많이 이용해요.
안산대학교, 상록수다문화국제단편영화제 시상식 https://t.co/hzJgusG2FR
친구가 업는 친 이유를 찾아버린 거임ㅠ.ㅠ 안산에는 친구 한 명도 업써 포천이랑 강릉 친구는 인스타 맞팔이고 강릉 애들이랑은 가끔 카톡하고 인스타 디엠함... 우웃... 대학교 다니면 친구 좀 생기지 않을까… https://t.co/wNweZrmgvj
연 계 교 통 (안산방면)

승차위치: 정왕역환승센터
노선번호: 20-1
경유지: 시화공단→반월공단→안산역→군자주공아파트→서울예술대학교→월피주공아파트→부곡중학교
코레일 전동차 안내방송에서는 부역명(안산대학교)까지 방송하지만, 서울교통공사 전동차에서는 상록수 역명만 방송해요.
인근에 저의 부역명으로도 쓰이는 안산대학교(구 안산1대학)가 있으며, 제 남쪽으로 아파트와 단독주택이 같이 있는 거주지역인 본오동이 있어 이 쪽 주민들이 많이 이용해요.
연 계 교 통 (안산방면)

승차위치: 정왕역환승센터
노선번호: 20-1
경유지: 시화공단→반월공단→안산역→군자주공아파트→서울예술대학교→월피주공아파트→부곡중학교
코레일 전동차 안내방송에서는 부역명(안산대학교)까지 방송하지만, 서울교통공사 전동차에서는 상록수 역명만 방송해요.
인근에 저의 부역명으로도 쓰이는 안산대학교(구 안산1대학)가 있으며, 제 남쪽으로 아파트와 단독주택이 같이 있는 거주지역인 본오동이 있어 이 쪽 주민들이 많이 이용해요.
연 계 교 통 (안산방면)

승차위치: 정왕역환승센터
노선번호: 20-1
경유지: 시화공단→반월공단→안산역→군자주공아파트→서울예술대학교→월피주공아파트→부곡중학교
코레일 전동차 안내방송에서는 부역명(안산대학교)까지 방송하지만, 서울교통공사 전동차에서는 상록수 역명만 방송해요.
인근에 저의 부역명으로도 쓰이는 안산대학교(구 안산1대학)가 있으며, 제 남쪽으로 아파트와 단독주택이 같이 있는 거주지역인 본오동이 있어 이 쪽 주민들이 많이 이용해요.
연 계 교 통 (안산방면)

승차위치: 정왕역환승센터
노선번호: 20-1
경유지: 시화공단→반월공단→안산역→군자주공아파트→서울예술대학교→월피주공아파트→부곡중학교
코레일 전동차 안내방송에서는 부역명(안산대학교)까지 방송하지만, 서울교통공사 전동차에서는 상록수 역명만 방송해요.
인근에 저의 부역명으로도 쓰이는 안산대학교(구 안산1대학)가 있으며, 제 남쪽으로 아파트와 단독주택이 같이 있는 거주지역인 본오동이 있어 이 쪽 주민들이 많이 이용해요.
연 계 교 통 (안산방면)

승차위치: 정왕역환승센터
노선번호: 20-1
경유지: 시화공단→반월공단→안산역→군자주공아파트→서울예술대학교→월피주공아파트→부곡중학교
코레일 전동차 안내방송에서는 부역명(안산대학교)까지 방송하지만, 서울교통공사 전동차에서는 상록수 역명만 방송해요.
인근에 저의 부역명으로도 쓰이는 안산대학교(구 안산1대학)가 있으며, 제 남쪽으로 아파트와 단독주택이 같이 있는 거주지역인 본오동이 있어 이 쪽 주민들이 많이 이용해요.
연 계 교 통 (안산방면)

승차위치: 정왕역환승센터
노선번호: 20-1
경유지: 시화공단→반월공단→안산역→군자주공아파트→서울예술대학교→월피주공아파트→부곡중학교
코레일 전동차 안내방송에서는 부역명(안산대학교)까지 방송하지만, 서울교통공사 전동차에서는 상록수 역명만 방송해요.
인근에 저의 부역명으로도 쓰이는 안산대학교(구 안산1대학)가 있으며, 제 남쪽으로 아파트와 단독주택이 같이 있는 거주지역인 본오동이 있어 이 쪽 주민들이 많이 이용해요.
연 계 교 통 (안산방면)

승차위치: 정왕역환승센터
노선번호: 20-1
경유지: 시화공단→반월공단→안산역→군자주공아파트→서울예술대학교→월피주공아파트→부곡중학교
코레일 전동차 안내방송에서는 부역명(안산대학교)까지 방송하지만, 서울교통공사 전동차에서는 상록수 역명만 방송해요.
인근에 저의 부역명으로도 쓰이는 안산대학교(구 안산1대학)가 있으며, 제 남쪽으로 아파트와 단독주택이 같이 있는 거주지역인 본오동이 있어 이 쪽 주민들이 많이 이용해요.
연 계 교 통 (안산방면)

승차위치: 정왕역환승센터
노선번호: 20-1
경유지: 시화공단→반월공단→안산역→군자주공아파트→서울예술대학교→월피주공아파트→부곡중학교
코레일 전동차 안내방송에서는 부역명(안산대학교)까지 방송하지만, 서울교통공사 전동차에서는 상록수 역명만 방송해요.
인근에 저의 부역명으로도 쓰이는 안산대학교(구 안산1대학)가 있으며, 제 남쪽으로 아파트와 단독주택이 같이 있는 거주지역인 본오동이 있어 이 쪽 주민들이 많이 이용해요.
연 계 교 통 (안산방면)

승차위치: 정왕역환승센터
노선번호: 20-1
경유지: 시화공단→반월공단→안산역→군자주공아파트→서울예술대학교→월피주공아파트→부곡중학교
코레일 전동차 안내방송에서는 부역명(안산대학교)까지 방송하지만, 서울교통공사 전동차에서는 상록수 역명만 방송해요.
"
DAUM,유령을 잡아라,9,Twitter,1,,"RT @newsenstar: 문근영&amp;김선호, 거침없는 케미 ˙유령을 잡아라˙ 포토타임 [뉴스엔TV] (출처 : NEWSEN(뉴스엔) | 네이버TV) https://t.co/0QBqY7O4Yk
#유령을잡아라 #CATCH_THE_GHOST #제작발표회…
RT @newsenstar: 문근영&amp;김선호, 거침없는 케미 ˙유령을 잡아라˙ 포토타임 [뉴스엔TV] (출처 : NEWSEN(뉴스엔) | 네이버TV) https://t.co/0QBqY7O4Yk
#유령을잡아라 #CATCH_THE_GHOST #제작발표회…
[현장] ‘유령을 잡아라’ 문근영, “드라마 복귀 4년 만…연기에 대한 욕망 해소” #유령을잡아라 #문근영 https://t.co/j302YdreHs
문근영&amp;김선호, 거침없는 케미 ˙유령을 잡아라˙ 포토타임 [뉴스엔TV] (출처 : NEWSEN(뉴스엔) | 네이버TV) https://t.co/0QBqY7O4Yk
#유령을잡아라 #CATCH_THE_GHOST… https://t.co/SWUNu366Eb
문근영&amp;김선호, 거침없는 케미 '유령을 잡아라' 포토타임 [NewsenTV] https://t.co/rPWtSSD8EG @YouTube 님이 공유
#유령을잡아라 #CATCH_THE_GHOST #제작발표회… https://t.co/XCy9bvPcH0
RT @newsenstar: 리모콘 고정 유발 드라마 ˙유령을 잡아라˙ 포토타임 [뉴스엔TV] (출처 : NEWSEN(뉴스엔) | 네이버TV) https://t.co/StRBEYYqey
#유령을잡아라 #CATCH_THE_GHOST #제작발표회 #PR…
RT @CJnDrama: [D-DAY] 아 기다리고 기다리던 &lt;유령을 잡아라&gt;
꿀잼보장 상극콤비 밀착수사극이
오늘 밤 9시 30분에 시작됩니다😍

오늘 밤 9시 30분 방송
#tvN #월화드라마 #유령을잡아라
#문근영 #김선호
#정유진 #기도훈 #조…
RT @CJnDrama: [D-DAY] 아 기다리고 기다리던 &lt;유령을 잡아라&gt;
꿀잼보장 상극콤비 밀착수사극이
오늘 밤 9시 30분에 시작됩니다😍

오늘 밤 9시 30분 방송
#tvN #월화드라마 #유령을잡아라
#문근영 #김선호
#정유진 #기도훈 #조…
RT @CJnDrama: [D-DAY] 아 기다리고 기다리던 &lt;유령을 잡아라&gt;
꿀잼보장 상극콤비 밀착수사극이
오늘 밤 9시 30분에 시작됩니다😍

오늘 밤 9시 30분 방송
#tvN #월화드라마 #유령을잡아라
#문근영 #김선호
#정유진 #기도훈 #조…
RT @newsenstar: 리모콘 고정 유발 드라마 ˙유령을 잡아라˙ 포토타임 [뉴스엔TV] (출처 : NEWSEN(뉴스엔) | 네이버TV) https://t.co/StRBEYYqey
#유령을잡아라 #CATCH_THE_GHOST #제작발표회 #PR…
리모콘 고정 유발 드라마 ‘유령을 잡아라’ 포토타임 [뉴스엔TV] https://t.co/mE1QZZhLm4
리모콘 고정 유발 드라마 ˙유령을 잡아라˙ 포토타임 [뉴스엔TV] (출처 : NEWSEN(뉴스엔) | 네이버TV) https://t.co/StRBEYYqey
#유령을잡아라 #CATCH_THE_GHOST… https://t.co/x0vpoXqryk
리모콘 고정 유발 드라마 '유령을 잡아라' 포토타임   [NewsenTV] https://t.co/UBgbV5q93w @YouTube 님이 공유
#유령을잡아라 #CATCH_THE_GHOST #제작발표회… https://t.co/xteO0as544
RT @CJnDrama: [D-DAY] 아 기다리고 기다리던 &lt;유령을 잡아라&gt;
꿀잼보장 상극콤비 밀착수사극이
오늘 밤 9시 30분에 시작됩니다😍

오늘 밤 9시 30분 방송
#tvN #월화드라마 #유령을잡아라
#문근영 #김선호
#정유진 #기도훈 #조…
RT @CJnDrama: [D-DAY] 아 기다리고 기다리던 &lt;유령을 잡아라&gt;
꿀잼보장 상극콤비 밀착수사극이
오늘 밤 9시 30분에 시작됩니다😍

오늘 밤 9시 30분 방송
#tvN #월화드라마 #유령을잡아라
#문근영 #김선호
#정유진 #기도훈 #조…
RT @CJnDrama: [D-DAY] 아 기다리고 기다리던 &lt;유령을 잡아라&gt;
꿀잼보장 상극콤비 밀착수사극이
오늘 밤 9시 30분에 시작됩니다😍

오늘 밤 9시 30분 방송
#tvN #월화드라마 #유령을잡아라
#문근영 #김선호
#정유진 #기도훈 #조…
RT @CJnDrama: ★오늘(월) 저녁 7시 30분
&lt;유령을 잡아라&gt; 첫방기념 카카오 라이브 채팅★

문근영X김선호와 실시간 카톡으로 만나요!♥ 

오늘 밤 9시 30분 첫 방송
#tvN #새월화드라마 #유령을잡아라
#문근영 #김선호
#정유진 #…
RT @CJnDrama: [D-DAY] 아 기다리고 기다리던 &lt;유령을 잡아라&gt;
꿀잼보장 상극콤비 밀착수사극이
오늘 밤 9시 30분에 시작됩니다😍

오늘 밤 9시 30분 방송
#tvN #월화드라마 #유령을잡아라
#문근영 #김선호
#정유진 #기도훈 #조…
RT @CJnDrama: [D-DAY] 아 기다리고 기다리던 &lt;유령을 잡아라&gt;
꿀잼보장 상극콤비 밀착수사극이
오늘 밤 9시 30분에 시작됩니다😍

오늘 밤 9시 30분 방송
#tvN #월화드라마 #유령을잡아라
#문근영 #김선호
#정유진 #기도훈 #조…
RT @CJnDrama: [D-DAY] 아 기다리고 기다리던 &lt;유령을 잡아라&gt;
꿀잼보장 상극콤비 밀착수사극이
오늘 밤 9시 30분에 시작됩니다😍

오늘 밤 9시 30분 방송
#tvN #월화드라마 #유령을잡아라
#문근영 #김선호
#정유진 #기도훈 #조…
RT @CJnDrama: [D-DAY] 아 기다리고 기다리던 &lt;유령을 잡아라&gt;
꿀잼보장 상극콤비 밀착수사극이
오늘 밤 9시 30분에 시작됩니다😍

오늘 밤 9시 30분 방송
#tvN #월화드라마 #유령을잡아라
#문근영 #김선호
#정유진 #기도훈 #조…
RT @CJnDrama: [D-DAY] 아 기다리고 기다리던 &lt;유령을 잡아라&gt;
꿀잼보장 상극콤비 밀착수사극이
오늘 밤 9시 30분에 시작됩니다😍

오늘 밤 9시 30분 방송
#tvN #월화드라마 #유령을잡아라
#문근영 #김선호
#정유진 #기도훈 #조…
RT @CJnDrama: [D-DAY] 아 기다리고 기다리던 &lt;유령을 잡아라&gt;
꿀잼보장 상극콤비 밀착수사극이
오늘 밤 9시 30분에 시작됩니다😍

오늘 밤 9시 30분 방송
#tvN #월화드라마 #유령을잡아라
#문근영 #김선호
#정유진 #기도훈 #조…
RT @CJnDrama: [D-DAY] 아 기다리고 기다리던 &lt;유령을 잡아라&gt;
꿀잼보장 상극콤비 밀착수사극이
오늘 밤 9시 30분에 시작됩니다😍

오늘 밤 9시 30분 방송
#tvN #월화드라마 #유령을잡아라
#문근영 #김선호
#정유진 #기도훈 #조…
유령을 잡아라랑 싸우자 귀신아 제목 헷갈려 ...
RT @CJnDrama: [D-DAY] 아 기다리고 기다리던 &lt;유령을 잡아라&gt;
꿀잼보장 상극콤비 밀착수사극이
오늘 밤 9시 30분에 시작됩니다😍

오늘 밤 9시 30분 방송
#tvN #월화드라마 #유령을잡아라
#문근영 #김선호
#정유진 #기도훈 #조…
RT @CJnDrama: [D-DAY] 아 기다리고 기다리던 &lt;유령을 잡아라&gt;
꿀잼보장 상극콤비 밀착수사극이
오늘 밤 9시 30분에 시작됩니다😍

오늘 밤 9시 30분 방송
#tvN #월화드라마 #유령을잡아라
#문근영 #김선호
#정유진 #기도훈 #조…
오늘 유령을잡아라에서 핝지상 감옥엔딩 제발
RT @CJnDrama: [D-DAY] 아 기다리고 기다리던 &lt;유령을 잡아라&gt;
꿀잼보장 상극콤비 밀착수사극이
오늘 밤 9시 30분에 시작됩니다😍

오늘 밤 9시 30분 방송
#tvN #월화드라마 #유령을잡아라
#문근영 #김선호
#정유진 #기도훈 #조…
RT @CJnDrama: [D-DAY] 아 기다리고 기다리던 &lt;유령을 잡아라&gt;
꿀잼보장 상극콤비 밀착수사극이
오늘 밤 9시 30분에 시작됩니다😍

오늘 밤 9시 30분 방송
#tvN #월화드라마 #유령을잡아라
#문근영 #김선호
#정유진 #기도훈 #조…
RT @CJnDrama: [D-DAY] 아 기다리고 기다리던 &lt;유령을 잡아라&gt;
꿀잼보장 상극콤비 밀착수사극이
오늘 밤 9시 30분에 시작됩니다😍

오늘 밤 9시 30분 방송
#tvN #월화드라마 #유령을잡아라
#문근영 #김선호
#정유진 #기도훈 #조…
RT @CJnDrama: [D-DAY] 아 기다리고 기다리던 &lt;유령을 잡아라&gt;
꿀잼보장 상극콤비 밀착수사극이
오늘 밤 9시 30분에 시작됩니다😍

오늘 밤 9시 30분 방송
#tvN #월화드라마 #유령을잡아라
#문근영 #김선호
#정유진 #기도훈 #조…
RT @CJnDrama: [D-DAY] 아 기다리고 기다리던 &lt;유령을 잡아라&gt;
꿀잼보장 상극콤비 밀착수사극이
오늘 밤 9시 30분에 시작됩니다😍

오늘 밤 9시 30분 방송
#tvN #월화드라마 #유령을잡아라
#문근영 #김선호
#정유진 #기도훈 #조…
RT @CJnDrama: [D-DAY] 아 기다리고 기다리던 &lt;유령을 잡아라&gt;
꿀잼보장 상극콤비 밀착수사극이
오늘 밤 9시 30분에 시작됩니다😍

오늘 밤 9시 30분 방송
#tvN #월화드라마 #유령을잡아라
#문근영 #김선호
#정유진 #기도훈 #조…
문근영 김선호 ‘유령을 잡아라’, 오늘 첫 방송..꿀잼 보장 관전포인트는? / 브레이크뉴스  https://t.co/kvByenHTTe
RT @CJnDrama: [D-DAY] 아 기다리고 기다리던 &lt;유령을 잡아라&gt;
꿀잼보장 상극콤비 밀착수사극이
오늘 밤 9시 30분에 시작됩니다😍

오늘 밤 9시 30분 방송
#tvN #월화드라마 #유령을잡아라
#문근영 #김선호
#정유진 #기도훈 #조…
RT @CJnDrama: [D-DAY] 아 기다리고 기다리던 &lt;유령을 잡아라&gt;
꿀잼보장 상극콤비 밀착수사극이
오늘 밤 9시 30분에 시작됩니다😍

오늘 밤 9시 30분 방송
#tvN #월화드라마 #유령을잡아라
#문근영 #김선호
#정유진 #기도훈 #조…
RT @CJnDrama: [D-DAY] 아 기다리고 기다리던 &lt;유령을 잡아라&gt;
꿀잼보장 상극콤비 밀착수사극이
오늘 밤 9시 30분에 시작됩니다😍

오늘 밤 9시 30분 방송
#tvN #월화드라마 #유령을잡아라
#문근영 #김선호
#정유진 #기도훈 #조…
RT @CJnDrama: [D-DAY] 아 기다리고 기다리던 &lt;유령을 잡아라&gt;
꿀잼보장 상극콤비 밀착수사극이
오늘 밤 9시 30분에 시작됩니다😍

오늘 밤 9시 30분 방송
#tvN #월화드라마 #유령을잡아라
#문근영 #김선호
#정유진 #기도훈 #조…
RT @CJnDrama: [D-DAY] 아 기다리고 기다리던 &lt;유령을 잡아라&gt;
꿀잼보장 상극콤비 밀착수사극이
오늘 밤 9시 30분에 시작됩니다😍

오늘 밤 9시 30분 방송
#tvN #월화드라마 #유령을잡아라
#문근영 #김선호
#정유진 #기도훈 #조…
RT @NAMOOACTORS2004: [#문근영] '유령을 잡아라' 첫방, 문근영·김선호 상극 콤비로 '인생캐 예고' 
https://t.co/BDYnqDvSzT https://t.co/2DnkC6CHOZ
RT @CJnDrama: ★오늘(월) 저녁 7시 30분
&lt;유령을 잡아라&gt; 첫방기념 카카오 라이브 채팅★

문근영X김선호와 실시간 카톡으로 만나요!♥ 

오늘 밤 9시 30분 첫 방송
#tvN #새월화드라마 #유령을잡아라
#문근영 #김선호
#정유진 #…
[D-DAY] 아 기다리고 기다리던 &lt;유령을 잡아라&gt;
꿀잼보장 상극콤비 밀착수사극이
오늘 밤 9시 30분에 시작됩니다😍

오늘 밤 9시 30분 방송
#tvN #월화드라마 #유령을잡아라
#문근영 #김선호… https://t.co/8bZaqSVJ7F
RT @NAMOOACTORS2004: [#문근영] '유령을 잡아라' 첫방, 문근영·김선호 상극 콤비로 '인생캐 예고' 
https://t.co/BDYnqDvSzT https://t.co/2DnkC6CHOZ
RT @CJnDrama: ★오늘(월) 저녁 7시 30분
&lt;유령을 잡아라&gt; 첫방기념 카카오 라이브 채팅★

문근영X김선호와 실시간 카톡으로 만나요!♥ 

오늘 밤 9시 30분 첫 방송
#tvN #새월화드라마 #유령을잡아라
#문근영 #김선호
#정유진 #…
RT @NAMOOACTORS2004: [#문근영] '유령을 잡아라' 첫방, 문근영·김선호 상극 콤비로 '인생캐 예고' 
https://t.co/BDYnqDvSzT https://t.co/2DnkC6CHOZ
RT @dreamecokr: tvN 드라마 '유령을 잡아라' 제작발표회 배우 문근영(MoonGeunYoung) 응원 드리미 쌀화환- Moon Geun Young International(MGYIFC): #문근영 #MoonGeunYoung #유령을잡아…
RT @dreamecokr: tvN 드라마 '유령을 잡아라' 제작발표회 배우 문근영(MoonGeunYoung) 응원 드리미 쌀화환-문근영의DCBH: #문근영 #MoonGeunYoung #유령을잡아라 #tvN #제작발표회 #쇼케이스 #콘서트 #쌀화환…
RT @dreamecokr: tvN 드라마 '유령을 잡아라' 제작발표회 배우 문근영(MoonGeunYoung) 응원 드리미 쌀화환-We ♡ Moon Geun Young: #문근영 #MoonGeunYoung #유령을잡아라 #tvN #제작발표회 #쇼케이…
RT @dreamecokr: tvN 드라마 '유령을 잡아라' 제작발표회 배우 김선호(KimSeonHo) 응원드리미 쌀화환-김선호공식팬카페 선호하다: #김선호 #KimSeonHo #유령을잡아라 #tvN #제작발표회 #콘서트 #쌀화환 #드리미 #Drea…
RT @CJnDrama: ★오늘(월) 저녁 7시 30분
&lt;유령을 잡아라&gt; 첫방기념 카카오 라이브 채팅★

문근영X김선호와 실시간 카톡으로 만나요!♥ 

오늘 밤 9시 30분 첫 방송
#tvN #새월화드라마 #유령을잡아라
#문근영 #김선호
#정유진 #…
See you tonight!

© @CJnDrama
★오늘(월) 저녁 7시 30분
&lt;유령을 잡아라&gt; 첫방기념 카카오 라이브 채팅★

문근영X김선호와 실시간 카톡으로 만나요!♥ 오늘 밤 9시 30분 첫 방송… https://t.co/YMaiYx2xBf
RT @CJnDrama: ★오늘(월) 저녁 7시 30분
&lt;유령을 잡아라&gt; 첫방기념 카카오 라이브 채팅★

문근영X김선호와 실시간 카톡으로 만나요!♥ 

오늘 밤 9시 30분 첫 방송
#tvN #새월화드라마 #유령을잡아라
#문근영 #김선호
#정유진 #…
RT @dreamecokr: tvN 드라마 '유령을 잡아라' 제작발표회 배우 문근영(MoonGeunYoung) 응원 드리미 쌀화환- Moon Geun Young Thailand fans: #문근영 #MoonGeunYoung #유령을잡아라 #tvN #…
RT @dreamecokr: tvN 드라마 '유령을 잡아라' 제작발표회 배우 문근영(MoonGeunYoung) 응원 드리미 쌀화환- Moon Geun Young Thailand fans: #문근영 #MoonGeunYoung #유령을잡아라 #tvN #…
RT @CJnDrama: ★오늘(월) 저녁 7시 30분
&lt;유령을 잡아라&gt; 첫방기념 카카오 라이브 채팅★

문근영X김선호와 실시간 카톡으로 만나요!♥ 

오늘 밤 9시 30분 첫 방송
#tvN #새월화드라마 #유령을잡아라
#문근영 #김선호
#정유진 #…
RT @2013_SALT: tvN 새 월화드라마 &lt;유령을 잡아라&gt; 극과 극 출퇴근 포스터 공개!😂 짠내+코믹 가득한 '고지석' 반장님은 오는 10월 21일 월요일 밤 9시 30분에 만날 수 있습니다! 커밍쑨🤘
-
#김선호 #Kimseonho #유령을…
RT @S2_Kimseonho: 💖RT이벤트💖

축하할게 너무 많네요ㅠ
- 팔로워 100명 달성!
- 곧 ‘ 유령을 잡아라 ‘ 첫방송!
- 김선호배우님의 연극 차기작!

알티해주신 분 중에 한명을 뽑아 
스타벅스 기프티콘을 드리겠습니다!

다들 김선…
RT @CJnDrama: &lt;유령을 잡아라&gt; 비하인드라 쓰고
케미 맛집이라 읽는다
벌써부터 이렇게 설레는데 어떡하죠??
⠀
10월 21일 [월] 밤 9시 30분 첫 방송
#tvN #월화드라마 #유령을잡아라 #방영예정
#문근영 #김선호 #정유진 #기도훈…
RT @CJnDrama: 아~주 나이스한 문근영x김선호의 예능 나들이
두 사람이 웃을때마다 내 광대는 하늘로 승천

놀라운 토요일 - 10월 19일 7시 35분 tvN 방송
유령을 잡아라 - 10월 21일 [월] 밤 9시 30분 첫 방송

#tvN…
RT @CJnDrama: 유령을 잡아라? 귀인을 잡아라! 
놀토에 오신 진정한 귀인, 문근영X김선호👩‍✈️👨‍✈️
이번주 놀라운 토요일&lt;도레미 마켓&gt; 본.방.사.수!
(역대급 난이도라는 후문이..)
#tvN #월화드라마 #유령을잡아라 #놀라운토요일…
RT @dreamecokr: tvN 드라마 '유령을 잡아라' 제작발표회 배우 문근영(MoonGeunYoung) 응원 드리미 쌀화환- Moon Geun Young Thailand fans: #문근영 #MoonGeunYoung #유령을잡아라 #tvN #…
RT @dreamecokr: tvN 드라마 '유령을 잡아라' 제작발표회 배우 문근영(MoonGeunYoung) 응원 드리미 쌀화환-We ♡ Moon Geun Young: #문근영 #MoonGeunYoung #유령을잡아라 #tvN #제작발표회 #쇼케이…
RT @dreamecokr: tvN 드라마 '유령을 잡아라' 제작발표회 배우 문근영(MoonGeunYoung) 응원 드리미 쌀화환-문근영의DCBH: #문근영 #MoonGeunYoung #유령을잡아라 #tvN #제작발표회 #쇼케이스 #콘서트 #쌀화환…
RT @dreamecokr: tvN 드라마 '유령을 잡아라' 제작발표회 배우 문근영(MoonGeunYoung) 응원 드리미 쌀화환- Moon Geun Young International(MGYIFC): #문근영 #MoonGeunYoung #유령을잡아…
RT @dreamecokr: tvN 드라마 '유령을 잡아라' 제작발표회 배우 문근영(MoonGeunYoung) 응원 드리미 쌀화환-문근영의DCBH: #문근영 #MoonGeunYoung #유령을잡아라 #tvN #제작발표회 #쇼케이스 #콘서트 #쌀화환…
RT @CJnDrama: ★오늘(월) 저녁 7시 30분
&lt;유령을 잡아라&gt; 첫방기념 카카오 라이브 채팅★

문근영X김선호와 실시간 카톡으로 만나요!♥ 

오늘 밤 9시 30분 첫 방송
#tvN #새월화드라마 #유령을잡아라
#문근영 #김선호
#정유진 #…
★오늘(월) 저녁 7시 30분
&lt;유령을 잡아라&gt; 첫방기념 카카오 라이브 채팅★

문근영X김선호와 실시간 카톡으로 만나요!♥ 

오늘 밤 9시 30분 첫 방송
#tvN #새월화드라마 #유령을잡아라
#문근영… https://t.co/kpsYSn3jBN
RT @dreamecokr: tvN 드라마 '유령을 잡아라' 제작발표회 배우 문근영(MoonGeunYoung) 응원 드리미 쌀화환-문근영의DCBH: #문근영 #MoonGeunYoung #유령을잡아라 #tvN #제작발표회 #쇼케이스 #콘서트 #쌀화환…
RT @dreamecokr: tvN 드라마 '유령을 잡아라' 제작발표회 배우 문근영(MoonGeunYoung) 응원 드리미 쌀화환-문근영의DCBH: #문근영 #MoonGeunYoung #유령을잡아라 #tvN #제작발표회 #쇼케이스 #콘서트 #쌀화환…
RT @dreamecokr: tvN 드라마 '유령을 잡아라' 제작발표회 배우 문근영(MoonGeunYoung) 응원 드리미 쌀화환- Moon Geun Young International(MGYIFC): #문근영 #MoonGeunYoung #유령을잡아…
RT @dreamecokr: tvN 드라마 '유령을 잡아라' 제작발표회 배우 문근영(MoonGeunYoung) 응원 드리미 쌀화환- Moon Geun Young International(MGYIFC): #문근영 #MoonGeunYoung #유령을잡아…
RT @dreamecokr: tvN 드라마 '유령을 잡아라' 제작발표회 배우 문근영(MoonGeunYoung) 응원 드리미 쌀화환- Moon Geun Young International(MGYIFC): #문근영 #MoonGeunYoung #유령을잡아…
RT @dreamecokr: tvN 드라마 '유령을 잡아라' 제작발표회 배우 문근영(MoonGeunYoung) 응원 드리미 쌀화환- Moon Geun Young International(MGYIFC): #문근영 #MoonGeunYoung #유령을잡아…
RT @dreamecokr: tvN 드라마 '유령을 잡아라' 제작발표회 배우 문근영(MoonGeunYoung) 응원 드리미 쌀화환- Moon Geun Young International(MGYIFC): #문근영 #MoonGeunYoung #유령을잡아…
RT @dreamecokr: tvN 드라마 '유령을 잡아라' 제작발표회 배우 문근영(MoonGeunYoung) 응원 드리미 쌀화환- Moon Geun Young International(MGYIFC): #문근영 #MoonGeunYoung #유령을잡아…
RT @dreamecokr: tvN 드라마 '유령을 잡아라' 제작발표회 배우 문근영(MoonGeunYoung) 응원 드리미 쌀화환- Moon Geun Young International(MGYIFC): #문근영 #MoonGeunYoung #유령을잡아…
RT @dreamecokr: tvN 드라마 '유령을 잡아라' 제작발표회 배우 문근영(MoonGeunYoung) 응원 드리미 쌀화환- Moon Geun Young International(MGYIFC): #문근영 #MoonGeunYoung #유령을잡아…
tvN 드라마 '유령을 잡아라' 제작발표회 배우 문근영(MoonGeunYoung) 응원 드리미 쌀화환- Moon Geun Young International(MGYIFC): #문근영… https://t.co/nzCY6gb2ai
tvN 드라마 '유령을 잡아라' 제작발표회 배우 문근영(MoonGeunYoung) 응원 드리미 쌀화환- Moon Geun Young International(MGYIFC): #문근영… https://t.co/AQGlN0QxYs
tvN 드라마 '유령을 잡아라' 제작발표회 배우 문근영(MoonGeunYoung) 응원 드리미 쌀화환- Moon Geun Young International(MGYIFC): #문근영… https://t.co/t956ECYELo
RT @dreamecokr: tvN 드라마 '유령을 잡아라' 제작발표회 배우 문근영(MoonGeunYoung) 응원 드리미 쌀화환-문근영의DCBH: #문근영 #MoonGeunYoung #유령을잡아라 #tvN #제작발표회 #쇼케이스 #콘서트 #쌀화환…
RT @dreamecokr: tvN 드라마 '유령을 잡아라' 제작발표회 배우 문근영(MoonGeunYoung) 응원 드리미 쌀화환-문근영의DCBH: #문근영 #MoonGeunYoung #유령을잡아라 #tvN #제작발표회 #쇼케이스 #콘서트 #쌀화환…
RT @dreamecokr: tvN 드라마 '유령을 잡아라' 제작발표회 배우 문근영(MoonGeunYoung) 응원 드리미 쌀화환-문근영의DCBH: #문근영 #MoonGeunYoung #유령을잡아라 #tvN #제작발표회 #쇼케이스 #콘서트 #쌀화환…
RT @dreamecokr: tvN 드라마 '유령을 잡아라' 제작발표회 배우 문근영(MoonGeunYoung) 응원 드리미 쌀화환-문근영의DCBH: #문근영 #MoonGeunYoung #유령을잡아라 #tvN #제작발표회 #쇼케이스 #콘서트 #쌀화환…
RT @dreamecokr: tvN 드라마 '유령을 잡아라' 제작발표회 배우 문근영(MoonGeunYoung) 응원 드리미 쌀화환-문근영의DCBH: #문근영 #MoonGeunYoung #유령을잡아라 #tvN #제작발표회 #쇼케이스 #콘서트 #쌀화환…
RT @dreamecokr: tvN 드라마 '유령을 잡아라' 제작발표회 배우 문근영(MoonGeunYoung) 응원 드리미 쌀화환-문근영의DCBH: #문근영 #MoonGeunYoung #유령을잡아라 #tvN #제작발표회 #쇼케이스 #콘서트 #쌀화환…
RT @dreamecokr: tvN 드라마 '유령을 잡아라' 제작발표회 배우 문근영(MoonGeunYoung) 응원 드리미 쌀화환-문근영의DCBH: #문근영 #MoonGeunYoung #유령을잡아라 #tvN #제작발표회 #쇼케이스 #콘서트 #쌀화환…
tvN 드라마 '유령을 잡아라' 제작발표회 배우 문근영(MoonGeunYoung) 응원 드리미 쌀화환-문근영의DCBH: #문근영 #MoonGeunYoung #유령을잡아라 #tvN #제작발표회 #쇼케이스… https://t.co/G1sdPgVGFd
RT @dreamecokr: tvN 드라마 '유령을 잡아라' 제작발표회 배우 문근영(MoonGeunYoung) 응원 드리미 쌀화환-We ♡ Moon Geun Young: #문근영 #MoonGeunYoung #유령을잡아라 #tvN #제작발표회 #쇼케이…
tvN 드라마 '유령을 잡아라' 제작발표회 배우 문근영(MoonGeunYoung) 응원 드리미 쌀화환-문근영의DCBH: #문근영 #MoonGeunYoung #유령을잡아라 #tvN #제작발표회 #쇼케이스… https://t.co/E5lpAxIXCH
RT @dreamecokr: tvN 드라마 '유령을 잡아라' 제작발표회 배우 문근영(MoonGeunYoung) 응원 드리미 쌀화환-We ♡ Moon Geun Young: #문근영 #MoonGeunYoung #유령을잡아라 #tvN #제작발표회 #쇼케이…
tvN 드라마 '유령을 잡아라' 제작발표회 배우 문근영(MoonGeunYoung) 응원 드리미 쌀화환-문근영의DCBH: #문근영 #MoonGeunYoung #유령을잡아라 #tvN #제작발표회 #쇼케이스… https://t.co/t0rJRsSNw6
RT @dreamecokr: tvN 드라마 '유령을 잡아라' 제작발표회 배우 문근영(MoonGeunYoung) 응원 드리미 쌀화환- Moon Geun Young Thailand fans: #문근영 #MoonGeunYoung #유령을잡아라 #tvN #…
RT @dreamecokr: tvN 드라마 '유령을 잡아라' 제작발표회 배우 문근영(MoonGeunYoung) 응원 드리미 쌀화환- Moon Geun Young Thailand fans: #문근영 #MoonGeunYoung #유령을잡아라 #tvN #…
RT @dreamecokr: tvN 드라마 '유령을 잡아라' 제작발표회 배우 문근영(MoonGeunYoung) 응원 드리미 쌀화환- Moon Geun Young Thailand fans: #문근영 #MoonGeunYoung #유령을잡아라 #tvN #…
RT @NAMOOACTORS2004: [#문근영] '유령을 잡아라' 첫방, 문근영·김선호 상극 콤비로 '인생캐 예고' 
https://t.co/BDYnqDvSzT https://t.co/2DnkC6CHOZ
RT @dreamecokr: tvN 드라마 '유령을 잡아라' 제작발표회 배우 문근영(MoonGeunYoung) 응원 드리미 쌀화환- Moon Geun Young Thailand fans: #문근영 #MoonGeunYoung #유령을잡아라 #tvN #…
RT @dreamecokr: tvN 드라마 '유령을 잡아라' 제작발표회 배우 김선호(KimSeonHo) 응원드리미 쌀화환-김선호공식팬카페 선호하다: #김선호 #KimSeonHo #유령을잡아라 #tvN #제작발표회 #콘서트 #쌀화환 #드리미 #Drea…
RT @dreamecokr: tvN 드라마 '유령을 잡아라' 제작발표회 배우 김선호(KimSeonHo) 응원드리미 쌀화환-김선호공식팬카페 선호하다: #김선호 #KimSeonHo #유령을잡아라 #tvN #제작발표회 #콘서트 #쌀화환 #드리미 #Drea…
"
DAUM,경찰의 날,10,Twitter,1,,"RT @nylee21: 74돌 경찰의 날. 국민과 국가를 위한 역대 경찰의 헌신에 감사. 검찰 경찰의 개혁을 주목합니다. 수소전기버스가 광화문과 국회 앞에 1대씩 배치돼 여경들께 제공됩니다. 국제치안산업박람회 개막. 재미있습니다. 인천 송도 컨벤시아…
RT @newbc416: “대한민국 경찰, 국민과 함께 세계와 함께”

인천 송도컨벤시아에서 제74주년 경찰의 날 기념식 개최
민갑룡 청장 “안전하고 정의로운 사회를 만들겠다” 약속
이낙연 “흔들림 없이 가길…국민이 여러분을 응원할 것”
 https…
RT @Mylife_KTV: [KTV LIVE] 제74주년 경찰의 날 기념식 - 이낙연 국무총리 기념사 #제74주년 #경찰의날 #기념식 #경찰 #이낙연 #국무총리 #기념사 @polinlove @nylee21 https://t.co/xPQKxt2zFM
RT @newbc416: 이낙연 총리 ""검찰개혁·경찰개혁, 미룰 수 없는 시대적 과제""

[전문] 이낙연 국무총리의 제74주년 경찰의 날 기념식 축사

https://t.co/RMQqIS6nv0
RT @nylee21: 74돌 경찰의 날. 국민과 국가를 위한 역대 경찰의 헌신에 감사. 검찰 경찰의 개혁을 주목합니다. 수소전기버스가 광화문과 국회 앞에 1대씩 배치돼 여경들께 제공됩니다. 국제치안산업박람회 개막. 재미있습니다. 인천 송도 컨벤시아…
RT @rights11: 오늘은 &lt;경찰의 날&gt;입니다. 저는 경찰청장에게 꼭 묻고 싶은 말이 있습니다.

실화를 담은 이 글의 원 제목은 &lt;경찰청장에게 묻습니다. 내가 당신의 아내를 걷어찼다면...&gt;입니다.

경찰은 바뀌어야 합니다. 호랑이보다 더 무…
RT @newbc416: “대한민국 경찰, 국민과 함께 세계와 함께”

인천 송도컨벤시아에서 제74주년 경찰의 날 기념식 개최
민갑룡 청장 “안전하고 정의로운 사회를 만들겠다” 약속
이낙연 “흔들림 없이 가길…국민이 여러분을 응원할 것”
 https…
RT @rights11: 오늘은 &lt;경찰의 날&gt;입니다. 저는 경찰청장에게 꼭 묻고 싶은 말이 있습니다.

실화를 담은 이 글의 원 제목은 &lt;경찰청장에게 묻습니다. 내가 당신의 아내를 걷어찼다면...&gt;입니다.

경찰은 바뀌어야 합니다. 호랑이보다 더 무…
RT @nylee21: 74돌 경찰의 날. 국민과 국가를 위한 역대 경찰의 헌신에 감사. 검찰 경찰의 개혁을 주목합니다. 수소전기버스가 광화문과 국회 앞에 1대씩 배치돼 여경들께 제공됩니다. 국제치안산업박람회 개막. 재미있습니다. 인천 송도 컨벤시아…
RT @nylee21: 74돌 경찰의 날. 국민과 국가를 위한 역대 경찰의 헌신에 감사. 검찰 경찰의 개혁을 주목합니다. 수소전기버스가 광화문과 국회 앞에 1대씩 배치돼 여경들께 제공됩니다. 국제치안산업박람회 개막. 재미있습니다. 인천 송도 컨벤시아…
RT @nylee21: 74돌 경찰의 날. 국민과 국가를 위한 역대 경찰의 헌신에 감사. 검찰 경찰의 개혁을 주목합니다. 수소전기버스가 광화문과 국회 앞에 1대씩 배치돼 여경들께 제공됩니다. 국제치안산업박람회 개막. 재미있습니다. 인천 송도 컨벤시아…
RT @newbc416: 이낙연 총리 ""검찰개혁·경찰개혁, 미룰 수 없는 시대적 과제""

[전문] 이낙연 국무총리의 제74주년 경찰의 날 기념식 축사

https://t.co/RMQqIS6nv0
RT @rights11: 오늘은 &lt;경찰의 날&gt;입니다. 저는 경찰청장에게 꼭 묻고 싶은 말이 있습니다.

실화를 담은 이 글의 원 제목은 &lt;경찰청장에게 묻습니다. 내가 당신의 아내를 걷어찼다면...&gt;입니다.

경찰은 바뀌어야 합니다. 호랑이보다 더 무…
RT @nylee21: 74돌 경찰의 날. 국민과 국가를 위한 역대 경찰의 헌신에 감사. 검찰 경찰의 개혁을 주목합니다. 수소전기버스가 광화문과 국회 앞에 1대씩 배치돼 여경들께 제공됩니다. 국제치안산업박람회 개막. 재미있습니다. 인천 송도 컨벤시아…
RT @nylee21: 74돌 경찰의 날. 국민과 국가를 위한 역대 경찰의 헌신에 감사. 검찰 경찰의 개혁을 주목합니다. 수소전기버스가 광화문과 국회 앞에 1대씩 배치돼 여경들께 제공됩니다. 국제치안산업박람회 개막. 재미있습니다. 인천 송도 컨벤시아…
RT @newbc416: “대한민국 경찰, 국민과 함께 세계와 함께”

인천 송도컨벤시아에서 제74주년 경찰의 날 기념식 개최
민갑룡 청장 “안전하고 정의로운 사회를 만들겠다” 약속
이낙연 “흔들림 없이 가길…국민이 여러분을 응원할 것”
 https…
RT @newbc416: “대한민국 경찰, 국민과 함께 세계와 함께”

인천 송도컨벤시아에서 제74주년 경찰의 날 기념식 개최
민갑룡 청장 “안전하고 정의로운 사회를 만들겠다” 약속
이낙연 “흔들림 없이 가길…국민이 여러분을 응원할 것”
 https…
생각해보니 오늘 경찰의 날....
*강서경찰서에서 거행된 제74주년 경찰의 날 기념식에 참석하였습니다.
* We attended the 74th anniversary of the police day at Gangseo Police Stati… https://t.co/cfkGU8cxoO
RT @hmhqlcsk: 오늘 경찰의 날이래 기념으로 본다  https://t.co/BC1w3OFMqs
RT @nylee21: 74돌 경찰의 날. 국민과 국가를 위한 역대 경찰의 헌신에 감사. 검찰 경찰의 개혁을 주목합니다. 수소전기버스가 광화문과 국회 앞에 1대씩 배치돼 여경들께 제공됩니다. 국제치안산업박람회 개막. 재미있습니다. 인천 송도 컨벤시아…
?&gt;???? 오늘 경찰의 날이라고??? 시환아!!!!!!!!!!! 서장ㅇ님!!!!!!!!!!!!!!!!
RT @nylee21: 74돌 경찰의 날. 국민과 국가를 위한 역대 경찰의 헌신에 감사. 검찰 경찰의 개혁을 주목합니다. 수소전기버스가 광화문과 국회 앞에 1대씩 배치돼 여경들께 제공됩니다. 국제치안산업박람회 개막. 재미있습니다. 인천 송도 컨벤시아…
RT @20xxXIA: [1년 전 오늘의 준수] 171021 제72주년 경찰의 날 기념 '어울림 한마당' #XIA #김준수 https://t.co/jUwZiXxtcc
RT @20xxXIA: [1년 전 오늘의 준수] 171021 제72주년 경찰의 날 기념 '어울림 한마당' - Dangerous (gyeonghwa1101님 인스타그램) #XIA #김준수 https://t.co/yh14Iw4InA
RT @rights11: 오늘은 &lt;경찰의 날&gt;입니다. 저는 경찰청장에게 꼭 묻고 싶은 말이 있습니다.

실화를 담은 이 글의 원 제목은 &lt;경찰청장에게 묻습니다. 내가 당신의 아내를 걷어찼다면...&gt;입니다.

경찰은 바뀌어야 합니다. 호랑이보다 더 무…
RT @newbc416: “대한민국 경찰, 국민과 함께 세계와 함께”

인천 송도컨벤시아에서 제74주년 경찰의 날 기념식 개최
민갑룡 청장 “안전하고 정의로운 사회를 만들겠다” 약속
이낙연 “흔들림 없이 가길…국민이 여러분을 응원할 것”
 https…
RT @Mylife_KTV: [KTV LIVE] 제74주년 경찰의 날 기념식 - 이낙연 국무총리 기념사 #제74주년 #경찰의날 #기념식 #경찰 #이낙연 #국무총리 #기념사 @polinlove @nylee21 https://t.co/xPQKxt2zFM
전북경찰청 경찰의 날 기념식 개최  / 브레이크뉴스  https://t.co/bl9qE0sgCH
RT @newbc416: “대한민국 경찰, 국민과 함께 세계와 함께”

인천 송도컨벤시아에서 제74주년 경찰의 날 기념식 개최
민갑룡 청장 “안전하고 정의로운 사회를 만들겠다” 약속
이낙연 “흔들림 없이 가길…국민이 여러분을 응원할 것”
 https…
RT @newbc416: “대한민국 경찰, 국민과 함께 세계와 함께”

인천 송도컨벤시아에서 제74주년 경찰의 날 기념식 개최
민갑룡 청장 “안전하고 정의로운 사회를 만들겠다” 약속
이낙연 “흔들림 없이 가길…국민이 여러분을 응원할 것”
 https…
RT @nylee21: 74돌 경찰의 날. 국민과 국가를 위한 역대 경찰의 헌신에 감사. 검찰 경찰의 개혁을 주목합니다. 수소전기버스가 광화문과 국회 앞에 1대씩 배치돼 여경들께 제공됩니다. 국제치안산업박람회 개막. 재미있습니다. 인천 송도 컨벤시아…
RT @peace_hong: [홍익표 수석대변인] 오늘은 제74주년 경찰의 날입니다. 더불어민주당은 검경 수사권 조정을 비롯하여 자치경찰제 정착,수사-일반 경찰의 분리 등을 위해 모든 지원을 다하고 있습니다. 국민의 안전과 생명을 지키기 위해 애쓰고…
RT @rights11: 오늘은 &lt;경찰의 날&gt;입니다. 저는 경찰청장에게 꼭 묻고 싶은 말이 있습니다.

실화를 담은 이 글의 원 제목은 &lt;경찰청장에게 묻습니다. 내가 당신의 아내를 걷어찼다면...&gt;입니다.

경찰은 바뀌어야 합니다. 호랑이보다 더 무…
RT @nylee21: 74돌 경찰의 날. 국민과 국가를 위한 역대 경찰의 헌신에 감사. 검찰 경찰의 개혁을 주목합니다. 수소전기버스가 광화문과 국회 앞에 1대씩 배치돼 여경들께 제공됩니다. 국제치안산업박람회 개막. 재미있습니다. 인천 송도 컨벤시아…
RT @newbc416: “대한민국 경찰, 국민과 함께 세계와 함께”

인천 송도컨벤시아에서 제74주년 경찰의 날 기념식 개최
민갑룡 청장 “안전하고 정의로운 사회를 만들겠다” 약속
이낙연 “흔들림 없이 가길…국민이 여러분을 응원할 것”
 https…
RT @Mylife_KTV: [KTV LIVE] 제74주년 경찰의 날 기념식 - 이낙연 국무총리 기념사 #제74주년 #경찰의날 #기념식 #경찰 #이낙연 #국무총리 #기념사 @polinlove @nylee21 https://t.co/xPQKxt2zFM
RT @newbc416: “대한민국 경찰, 국민과 함께 세계와 함께”

인천 송도컨벤시아에서 제74주년 경찰의 날 기념식 개최
민갑룡 청장 “안전하고 정의로운 사회를 만들겠다” 약속
이낙연 “흔들림 없이 가길…국민이 여러분을 응원할 것”
 https…
RT @newbc416: “대한민국 경찰, 국민과 함께 세계와 함께”

인천 송도컨벤시아에서 제74주년 경찰의 날 기념식 개최
민갑룡 청장 “안전하고 정의로운 사회를 만들겠다” 약속
이낙연 “흔들림 없이 가길…국민이 여러분을 응원할 것”
 https…
오늘 경찰의 날이래 경찰 소스린 주실분
RT @newbc416: “대한민국 경찰, 국민과 함께 세계와 함께”

인천 송도컨벤시아에서 제74주년 경찰의 날 기념식 개최
민갑룡 청장 “안전하고 정의로운 사회를 만들겠다” 약속
이낙연 “흔들림 없이 가길…국민이 여러분을 응원할 것”
 https…
RT @nylee21: 74돌 경찰의 날. 국민과 국가를 위한 역대 경찰의 헌신에 감사. 검찰 경찰의 개혁을 주목합니다. 수소전기버스가 광화문과 국회 앞에 1대씩 배치돼 여경들께 제공됩니다. 국제치안산업박람회 개막. 재미있습니다. 인천 송도 컨벤시아…
RT @nylee21: 74돌 경찰의 날. 국민과 국가를 위한 역대 경찰의 헌신에 감사. 검찰 경찰의 개혁을 주목합니다. 수소전기버스가 광화문과 국회 앞에 1대씩 배치돼 여경들께 제공됩니다. 국제치안산업박람회 개막. 재미있습니다. 인천 송도 컨벤시아…
RT @newbc416: “대한민국 경찰, 국민과 함께 세계와 함께”

인천 송도컨벤시아에서 제74주년 경찰의 날 기념식 개최
민갑룡 청장 “안전하고 정의로운 사회를 만들겠다” 약속
이낙연 “흔들림 없이 가길…국민이 여러분을 응원할 것”
 https…
RT @nylee21: 74돌 경찰의 날. 국민과 국가를 위한 역대 경찰의 헌신에 감사. 검찰 경찰의 개혁을 주목합니다. 수소전기버스가 광화문과 국회 앞에 1대씩 배치돼 여경들께 제공됩니다. 국제치안산업박람회 개막. 재미있습니다. 인천 송도 컨벤시아…
RT @nylee21: 74돌 경찰의 날. 국민과 국가를 위한 역대 경찰의 헌신에 감사. 검찰 경찰의 개혁을 주목합니다. 수소전기버스가 광화문과 국회 앞에 1대씩 배치돼 여경들께 제공됩니다. 국제치안산업박람회 개막. 재미있습니다. 인천 송도 컨벤시아…
RT @nylee21: 74돌 경찰의 날. 국민과 국가를 위한 역대 경찰의 헌신에 감사. 검찰 경찰의 개혁을 주목합니다. 수소전기버스가 광화문과 국회 앞에 1대씩 배치돼 여경들께 제공됩니다. 국제치안산업박람회 개막. 재미있습니다. 인천 송도 컨벤시아…
RT @nylee21: 74돌 경찰의 날. 국민과 국가를 위한 역대 경찰의 헌신에 감사. 검찰 경찰의 개혁을 주목합니다. 수소전기버스가 광화문과 국회 앞에 1대씩 배치돼 여경들께 제공됩니다. 국제치안산업박람회 개막. 재미있습니다. 인천 송도 컨벤시아…
RT @polinlove: &lt;제 74주년 경찰의 날 기념식&gt;

▶ https://t.co/OdBeNWkUNG
RT @newbc416: “대한민국 경찰, 국민과 함께 세계와 함께”

인천 송도컨벤시아에서 제74주년 경찰의 날 기념식 개최
민갑룡 청장 “안전하고 정의로운 사회를 만들겠다” 약속
이낙연 “흔들림 없이 가길…국민이 여러분을 응원할 것”
 https…
RT @newbc416: “대한민국 경찰, 국민과 함께 세계와 함께”

인천 송도컨벤시아에서 제74주년 경찰의 날 기념식 개최
민갑룡 청장 “안전하고 정의로운 사회를 만들겠다” 약속
이낙연 “흔들림 없이 가길…국민이 여러분을 응원할 것”
 https…
RT @newbc416: 이낙연 총리 ""검찰개혁·경찰개혁, 미룰 수 없는 시대적 과제""

[전문] 이낙연 국무총리의 제74주년 경찰의 날 기념식 축사

https://t.co/RMQqIS6nv0
RT @polinlove: &lt;제 74주년 경찰의 날 홍보영상을 공개합니다!🤗💕&gt;
.
.
▶️ https://t.co/Q8ul4GWEP0
RT @newbc416: “대한민국 경찰, 국민과 함께 세계와 함께”

인천 송도컨벤시아에서 제74주년 경찰의 날 기념식 개최
민갑룡 청장 “안전하고 정의로운 사회를 만들겠다” 약속
이낙연 “흔들림 없이 가길…국민이 여러분을 응원할 것”
 https…
RT @Mylife_KTV: [KTV LIVE] 제74주년 경찰의 날 기념식 - 이낙연 국무총리 기념사 #제74주년 #경찰의날 #기념식 #경찰 #이낙연 #국무총리 #기념사 @polinlove @nylee21 https://t.co/xPQKxt2zFM
RT @polinlove: &lt;제 74주년 경찰의 날 홍보영상을 공개합니다!🤗💕&gt;
.
.
▶️ https://t.co/Q8ul4GWEP0
RT @polinlove: &lt;제 74주년 경찰의 날 기념식&gt;

▶ https://t.co/OdBeNWkUNG
RT @newbc416: “대한민국 경찰, 국민과 함께 세계와 함께”

인천 송도컨벤시아에서 제74주년 경찰의 날 기념식 개최
민갑룡 청장 “안전하고 정의로운 사회를 만들겠다” 약속
이낙연 “흔들림 없이 가길…국민이 여러분을 응원할 것”
 https…
RT @Mylife_KTV: [KTV LIVE] 제74주년 경찰의 날 기념식 - 이낙연 국무총리 기념사 #제74주년 #경찰의날 #기념식 #경찰 #이낙연 #국무총리 #기념사 @polinlove @nylee21 https://t.co/xPQKxt2zFM
RT @newbc416: 이낙연 총리 ""검찰개혁·경찰개혁, 미룰 수 없는 시대적 과제""

[전문] 이낙연 국무총리의 제74주년 경찰의 날 기념식 축사

https://t.co/RMQqIS6nv0
음성읍 기관사회단체장, 경찰의 날 설성지구대 위문

https://t.co/y56zfNEcem
RT @newbc416: “대한민국 경찰, 국민과 함께 세계와 함께”

인천 송도컨벤시아에서 제74주년 경찰의 날 기념식 개최
민갑룡 청장 “안전하고 정의로운 사회를 만들겠다” 약속
이낙연 “흔들림 없이 가길…국민이 여러분을 응원할 것”
 https…
RT @newbc416: “대한민국 경찰, 국민과 함께 세계와 함께”

인천 송도컨벤시아에서 제74주년 경찰의 날 기념식 개최
민갑룡 청장 “안전하고 정의로운 사회를 만들겠다” 약속
이낙연 “흔들림 없이 가길…국민이 여러분을 응원할 것”
 https…
RT @nylee21: 74돌 경찰의 날. 국민과 국가를 위한 역대 경찰의 헌신에 감사. 검찰 경찰의 개혁을 주목합니다. 수소전기버스가 광화문과 국회 앞에 1대씩 배치돼 여경들께 제공됩니다. 국제치안산업박람회 개막. 재미있습니다. 인천 송도 컨벤시아…
RT @newbc416: “대한민국 경찰, 국민과 함께 세계와 함께”

인천 송도컨벤시아에서 제74주년 경찰의 날 기념식 개최
민갑룡 청장 “안전하고 정의로운 사회를 만들겠다” 약속
이낙연 “흔들림 없이 가길…국민이 여러분을 응원할 것”
 https…
@jsal_h 오늘 경찰의 날이라 그럼
RT @rights11: 오늘은 &lt;경찰의 날&gt;입니다. 저는 경찰청장에게 꼭 묻고 싶은 말이 있습니다.

실화를 담은 이 글의 원 제목은 &lt;경찰청장에게 묻습니다. 내가 당신의 아내를 걷어찼다면...&gt;입니다.

경찰은 바뀌어야 합니다. 호랑이보다 더 무…
RT @Mylife_KTV: [KTV LIVE] 제74주년 경찰의 날 기념식 - 이낙연 국무총리 기념사 #제74주년 #경찰의날 #기념식 #경찰 #이낙연 #국무총리 #기념사 @polinlove @nylee21 https://t.co/xPQKxt2zFM
RT @nylee21: 74돌 경찰의 날. 국민과 국가를 위한 역대 경찰의 헌신에 감사. 검찰 경찰의 개혁을 주목합니다. 수소전기버스가 광화문과 국회 앞에 1대씩 배치돼 여경들께 제공됩니다. 국제치안산업박람회 개막. 재미있습니다. 인천 송도 컨벤시아…
경찰여러분!
축하합니다
해방후 너무많은 애환에
고생 많았읍니다
더욱 발전하시길...........

경찰의 날에.
RT @nylee21: 74돌 경찰의 날. 국민과 국가를 위한 역대 경찰의 헌신에 감사. 검찰 경찰의 개혁을 주목합니다. 수소전기버스가 광화문과 국회 앞에 1대씩 배치돼 여경들께 제공됩니다. 국제치안산업박람회 개막. 재미있습니다. 인천 송도 컨벤시아…
RT @newbc416: “대한민국 경찰, 국민과 함께 세계와 함께”

인천 송도컨벤시아에서 제74주년 경찰의 날 기념식 개최
민갑룡 청장 “안전하고 정의로운 사회를 만들겠다” 약속
이낙연 “흔들림 없이 가길…국민이 여러분을 응원할 것”
 https…
RT @nylee21: 74돌 경찰의 날. 국민과 국가를 위한 역대 경찰의 헌신에 감사. 검찰 경찰의 개혁을 주목합니다. 수소전기버스가 광화문과 국회 앞에 1대씩 배치돼 여경들께 제공됩니다. 국제치안산업박람회 개막. 재미있습니다. 인천 송도 컨벤시아…
RT @peace_hong: [홍익표 수석대변인] 오늘은 제74주년 경찰의 날입니다. 더불어민주당은 검경 수사권 조정을 비롯하여 자치경찰제 정착,수사-일반 경찰의 분리 등을 위해 모든 지원을 다하고 있습니다. 국민의 안전과 생명을 지키기 위해 애쓰고…
RT @newbc416: 이낙연 총리 ""검찰개혁·경찰개혁, 미룰 수 없는 시대적 과제""

[전문] 이낙연 국무총리의 제74주년 경찰의 날 기념식 축사

https://t.co/RMQqIS6nv0
오늘 경찰의 날이라고 네이버에 경찰 여러분 고맙습니다 이런거 적혀있던데 존나 토나오고 역겹다. 사람 뺨 때리고 구타하고 성희롱하고 욕하는 경찰들에게 고맙다니. 개뿔같은 소리하지마
RT @newbc416: “대한민국 경찰, 국민과 함께 세계와 함께”

인천 송도컨벤시아에서 제74주년 경찰의 날 기념식 개최
민갑룡 청장 “안전하고 정의로운 사회를 만들겠다” 약속
이낙연 “흔들림 없이 가길…국민이 여러분을 응원할 것”
 https…
RT @nylee21: 74돌 경찰의 날. 국민과 국가를 위한 역대 경찰의 헌신에 감사. 검찰 경찰의 개혁을 주목합니다. 수소전기버스가 광화문과 국회 앞에 1대씩 배치돼 여경들께 제공됩니다. 국제치안산업박람회 개막. 재미있습니다. 인천 송도 컨벤시아…
RT @nylee21: 74돌 경찰의 날. 국민과 국가를 위한 역대 경찰의 헌신에 감사. 검찰 경찰의 개혁을 주목합니다. 수소전기버스가 광화문과 국회 앞에 1대씩 배치돼 여경들께 제공됩니다. 국제치안산업박람회 개막. 재미있습니다. 인천 송도 컨벤시아…
RT @nylee21: 74돌 경찰의 날. 국민과 국가를 위한 역대 경찰의 헌신에 감사. 검찰 경찰의 개혁을 주목합니다. 수소전기버스가 광화문과 국회 앞에 1대씩 배치돼 여경들께 제공됩니다. 국제치안산업박람회 개막. 재미있습니다. 인천 송도 컨벤시아…
RT @dlddu98: 올해 경찰의 날 기념사는 이낙연 총리님이 하시네
RT @nylee21: 74돌 경찰의 날. 국민과 국가를 위한 역대 경찰의 헌신에 감사. 검찰 경찰의 개혁을 주목합니다. 수소전기버스가 광화문과 국회 앞에 1대씩 배치돼 여경들께 제공됩니다. 국제치안산업박람회 개막. 재미있습니다. 인천 송도 컨벤시아…
RT @nylee21: 74돌 경찰의 날. 국민과 국가를 위한 역대 경찰의 헌신에 감사. 검찰 경찰의 개혁을 주목합니다. 수소전기버스가 광화문과 국회 앞에 1대씩 배치돼 여경들께 제공됩니다. 국제치안산업박람회 개막. 재미있습니다. 인천 송도 컨벤시아…
RT @hmhqlcsk: 오늘 경찰의 날이래 기념으로 본다  https://t.co/BC1w3OFMqs
RT @hmhqlcsk: 오늘 경찰의 날이래 기념으로 본다  https://t.co/BC1w3OFMqs
RT @newbc416: 이낙연 총리 ""검찰개혁·경찰개혁, 미룰 수 없는 시대적 과제""

[전문] 이낙연 국무총리의 제74주년 경찰의 날 기념식 축사

https://t.co/RMQqIS6nv0
RT @hmhqlcsk: 오늘 경찰의 날이래 기념으로 본다  https://t.co/BC1w3OFMqs
RT @hmhqlcsk: 오늘 경찰의 날이래 기념으로 본다  https://t.co/BC1w3OFMqs
RT @nylee21: 74돌 경찰의 날. 국민과 국가를 위한 역대 경찰의 헌신에 감사. 검찰 경찰의 개혁을 주목합니다. 수소전기버스가 광화문과 국회 앞에 1대씩 배치돼 여경들께 제공됩니다. 국제치안산업박람회 개막. 재미있습니다. 인천 송도 컨벤시아…
RT @hmhqlcsk: 오늘 경찰의 날이래 기념으로 본다  https://t.co/BC1w3OFMqs
오늘 경찰의 날이래 기념으로 본다  https://t.co/BC1w3OFMqs
RT @newbc416: “대한민국 경찰, 국민과 함께 세계와 함께”

인천 송도컨벤시아에서 제74주년 경찰의 날 기념식 개최
민갑룡 청장 “안전하고 정의로운 사회를 만들겠다” 약속
이낙연 “흔들림 없이 가길…국민이 여러분을 응원할 것”
 https…
RT @peace_hong: [홍익표 수석대변인] 오늘은 제74주년 경찰의 날입니다. 더불어민주당은 검경 수사권 조정을 비롯하여 자치경찰제 정착,수사-일반 경찰의 분리 등을 위해 모든 지원을 다하고 있습니다. 국민의 안전과 생명을 지키기 위해 애쓰고…
RT @FOR_STW: ＊경찰의 날을 맞이하여, 과거 경찰이었던 &lt;송태원의 삶&gt; 합작을 공개합니다.
＊https://t.co/JnUhkBGjOp

＊PC 화면에 최적화 되어 있으며 모바일 화면은 지원하지 않습니다.
＊글, 그림, 만화, 작곡 분야로…
RT @nylee21: 74돌 경찰의 날. 국민과 국가를 위한 역대 경찰의 헌신에 감사. 검찰 경찰의 개혁을 주목합니다. 수소전기버스가 광화문과 국회 앞에 1대씩 배치돼 여경들께 제공됩니다. 국제치안산업박람회 개막. 재미있습니다. 인천 송도 컨벤시아…
RT @newbc416: 이낙연 총리 ""검찰개혁·경찰개혁, 미룰 수 없는 시대적 과제""

[전문] 이낙연 국무총리의 제74주년 경찰의 날 기념식 축사

https://t.co/RMQqIS6nv0
RT @polinlove: &lt;제 74주년 경찰의 날 홍보영상을 공개합니다!🤗💕&gt;
.
.
▶️ https://t.co/Q8ul4GWEP0
@SS_com_SS 히히 감사합니다~~~~~~~~ 경찰의 날이 생일인게 이렇게 기쁠줄은 몰랐네욬ㅋㅋㅋㅋㅋㅋㅋㅋㅋㅋㅋ 제 생일이니까 닷님 오늘 맛있는거먹기야
RT @newbc416: “대한민국 경찰, 국민과 함께 세계와 함께”

인천 송도컨벤시아에서 제74주년 경찰의 날 기념식 개최
민갑룡 청장 “안전하고 정의로운 사회를 만들겠다” 약속
이낙연 “흔들림 없이 가길…국민이 여러분을 응원할 것”
 https…
RT @nylee21: 74돌 경찰의 날. 국민과 국가를 위한 역대 경찰의 헌신에 감사. 검찰 경찰의 개혁을 주목합니다. 수소전기버스가 광화문과 국회 앞에 1대씩 배치돼 여경들께 제공됩니다. 국제치안산업박람회 개막. 재미있습니다. 인천 송도 컨벤시아…
"
